﻿{"frames": {

"energyBullet0000":
{
	"frame": {"x":1,"y":1,"w":36,"h":35},
	"rotated": false,
	"trimmed": false,
	"spriteSourceSize": {"x":0,"y":0,"w":36,"h":35},
	"sourceSize": {"w":36,"h":35}
},
"energyBullet0001":
{
	"frame": {"x":38,"y":1,"w":36,"h":35},
	"rotated": false,
	"trimmed": false,
	"spriteSourceSize": {"x":0,"y":0,"w":36,"h":35},
	"sourceSize": {"w":36,"h":35}
},
"energyBullet0002":
{
	"frame": {"x":75,"y":1,"w":36,"h":35},
	"rotated": false,
	"trimmed": false,
	"spriteSourceSize": {"x":0,"y":0,"w":36,"h":35},
	"sourceSize": {"w":36,"h":35}
},
"energyBullet0003":
{
	"frame": {"x":112,"y":1,"w":36,"h":35},
	"rotated": false,
	"trimmed": false,
	"spriteSourceSize": {"x":0,"y":0,"w":36,"h":35},
	"sourceSize": {"w":36,"h":35}
},
"energyBullet0004":
{
	"frame": {"x":149,"y":1,"w":36,"h":35},
	"rotated": false,
	"trimmed": false,
	"spriteSourceSize": {"x":0,"y":0,"w":36,"h":35},
	"sourceSize": {"w":36,"h":35}
},
"energyBullet0005":
{
	"frame": {"x":186,"y":1,"w":36,"h":35},
	"rotated": false,
	"trimmed": false,
	"spriteSourceSize": {"x":0,"y":0,"w":36,"h":35},
	"sourceSize": {"w":36,"h":35}
},
"energyBullet0006":
{
	"frame": {"x":1,"y":37,"w":36,"h":35},
	"rotated": false,
	"trimmed": false,
	"spriteSourceSize": {"x":0,"y":0,"w":36,"h":35},
	"sourceSize": {"w":36,"h":35}
},
"energyBullet0007":
{
	"frame": {"x":38,"y":37,"w":36,"h":35},
	"rotated": false,
	"trimmed": false,
	"spriteSourceSize": {"x":0,"y":0,"w":36,"h":35},
	"sourceSize": {"w":36,"h":35}
},
"energyBullet0008":
{
	"frame": {"x":75,"y":37,"w":36,"h":35},
	"rotated": false,
	"trimmed": false,
	"spriteSourceSize": {"x":0,"y":0,"w":36,"h":35},
	"sourceSize": {"w":36,"h":35}
},
"energyBullet0009":
{
	"frame": {"x":112,"y":37,"w":36,"h":35},
	"rotated": false,
	"trimmed": false,
	"spriteSourceSize": {"x":0,"y":0,"w":36,"h":35},
	"sourceSize": {"w":36,"h":35}
},
"fire instance 10000":
{
	"frame": {"x":149,"y":37,"w":47,"h":53},
	"rotated": false,
	"trimmed": false,
	"spriteSourceSize": {"x":0,"y":0,"w":47,"h":53},
	"sourceSize": {"w":47,"h":53}
},
"fire instance 10001":
{
	"frame": {"x":197,"y":37,"w":47,"h":53},
	"rotated": false,
	"trimmed": false,
	"spriteSourceSize": {"x":0,"y":0,"w":47,"h":53},
	"sourceSize": {"w":47,"h":53}
},
"fire instance 10002":
{
	"frame": {"x":1,"y":91,"w":47,"h":53},
	"rotated": false,
	"trimmed": false,
	"spriteSourceSize": {"x":0,"y":0,"w":47,"h":53},
	"sourceSize": {"w":47,"h":53}
},
"fire instance 10003":
{
	"frame": {"x":49,"y":91,"w":47,"h":53},
	"rotated": false,
	"trimmed": false,
	"spriteSourceSize": {"x":0,"y":0,"w":47,"h":53},
	"sourceSize": {"w":47,"h":53}
},
"fire instance 10004":
{
	"frame": {"x":97,"y":91,"w":47,"h":53},
	"rotated": false,
	"trimmed": false,
	"spriteSourceSize": {"x":0,"y":0,"w":47,"h":53},
	"sourceSize": {"w":47,"h":53}
},
"fire instance 10005":
{
	"frame": {"x":145,"y":91,"w":47,"h":53},
	"rotated": false,
	"trimmed": false,
	"spriteSourceSize": {"x":0,"y":0,"w":47,"h":53},
	"sourceSize": {"w":47,"h":53}
},
"fire instance 10006":
{
	"frame": {"x":193,"y":91,"w":47,"h":53},
	"rotated": false,
	"trimmed": false,
	"spriteSourceSize": {"x":0,"y":0,"w":47,"h":53},
	"sourceSize": {"w":47,"h":53}
},
"fire instance 10007":
{
	"frame": {"x":1,"y":145,"w":47,"h":53},
	"rotated": false,
	"trimmed": false,
	"spriteSourceSize": {"x":0,"y":0,"w":47,"h":53},
	"sourceSize": {"w":47,"h":53}
},
"fire instance 10008":
{
	"frame": {"x":49,"y":145,"w":47,"h":53},
	"rotated": false,
	"trimmed": false,
	"spriteSourceSize": {"x":0,"y":0,"w":47,"h":53},
	"sourceSize": {"w":47,"h":53}
},
"idle instance 10000":
{
	"frame": {"x":97,"y":145,"w":47,"h":53},
	"rotated": false,
	"trimmed": false,
	"spriteSourceSize": {"x":0,"y":0,"w":47,"h":53},
	"sourceSize": {"w":47,"h":53}
},
"idle instance 10001":
{
	"frame": {"x":145,"y":145,"w":47,"h":53},
	"rotated": false,
	"trimmed": false,
	"spriteSourceSize": {"x":0,"y":0,"w":47,"h":53},
	"sourceSize": {"w":47,"h":53}
},
"idle instance 10002":
{
	"frame": {"x":193,"y":145,"w":47,"h":53},
	"rotated": false,
	"trimmed": false,
	"spriteSourceSize": {"x":0,"y":0,"w":47,"h":53},
	"sourceSize": {"w":47,"h":53}
},
"idle instance 10003":
{
	"frame": {"x":1,"y":199,"w":47,"h":53},
	"rotated": false,
	"trimmed": false,
	"spriteSourceSize": {"x":0,"y":0,"w":47,"h":53},
	"sourceSize": {"w":47,"h":53}
},
"idle instance 10004":
{
	"frame": {"x":49,"y":199,"w":47,"h":53},
	"rotated": false,
	"trimmed": false,
	"spriteSourceSize": {"x":0,"y":0,"w":47,"h":53},
	"sourceSize": {"w":47,"h":53}
},
"ready instance 10000":
{
	"frame": {"x":97,"y":199,"w":47,"h":53},
	"rotated": false,
	"trimmed": false,
	"spriteSourceSize": {"x":0,"y":0,"w":47,"h":53},
	"sourceSize": {"w":47,"h":53}
},
"ready instance 10001":
{
	"frame": {"x":145,"y":199,"w":47,"h":53},
	"rotated": false,
	"trimmed": false,
	"spriteSourceSize": {"x":0,"y":0,"w":47,"h":53},
	"sourceSize": {"w":47,"h":53}
},
"ready instance 10002":
{
	"frame": {"x":193,"y":199,"w":47,"h":53},
	"rotated": false,
	"trimmed": false,
	"spriteSourceSize": {"x":0,"y":0,"w":47,"h":53},
	"sourceSize": {"w":47,"h":53}
},
"ready instance 10003":
{
	"frame": {"x":1,"y":253,"w":47,"h":53},
	"rotated": false,
	"trimmed": false,
	"spriteSourceSize": {"x":0,"y":0,"w":47,"h":53},
	"sourceSize": {"w":47,"h":53}
},
"ready instance 10004":
{
	"frame": {"x":49,"y":253,"w":47,"h":53},
	"rotated": false,
	"trimmed": false,
	"spriteSourceSize": {"x":0,"y":0,"w":47,"h":53},
	"sourceSize": {"w":47,"h":53}
},
"ready instance 10005":
{
	"frame": {"x":97,"y":253,"w":47,"h":53},
	"rotated": false,
	"trimmed": false,
	"spriteSourceSize": {"x":0,"y":0,"w":47,"h":53},
	"sourceSize": {"w":47,"h":53}
}},
"meta": {
	"app": "Adobe Animate",
	"version": "19.2.1.408",
	"image": "drone.png",
	"format": "RGBA8888",
	"size": {"w":256,"h":512},
	"scale": "1"
}
}
