﻿{"frames": {

"Bravo moordida.ai instancia 10000":
{
	"frame": {"x":1,"y":1,"w":42,"h":44},
	"rotated": false,
	"trimmed": false,
	"spriteSourceSize": {"x":0,"y":0,"w":42,"h":44},
	"sourceSize": {"w":42,"h":44}
},
"Bravo moordida.ai instancia 10001":
{
	"frame": {"x":44,"y":1,"w":42,"h":44},
	"rotated": false,
	"trimmed": false,
	"spriteSourceSize": {"x":0,"y":0,"w":42,"h":44},
	"sourceSize": {"w":42,"h":44}
},
"Bravo moordida.ai instancia 10002":
{
	"frame": {"x":87,"y":1,"w":42,"h":44},
	"rotated": false,
	"trimmed": false,
	"spriteSourceSize": {"x":0,"y":0,"w":42,"h":44},
	"sourceSize": {"w":42,"h":44}
},
"Bravo moordida.ai instancia 10003":
{
	"frame": {"x":130,"y":1,"w":42,"h":44},
	"rotated": false,
	"trimmed": false,
	"spriteSourceSize": {"x":0,"y":0,"w":42,"h":44},
	"sourceSize": {"w":42,"h":44}
},
"bravo_hurt instancia 10000":
{
	"frame": {"x":173,"y":1,"w":39,"h":38},
	"rotated": false,
	"trimmed": false,
	"spriteSourceSize": {"x":0,"y":0,"w":39,"h":38},
	"sourceSize": {"w":39,"h":38}
},
"bravo_hurt instancia 10001":
{
	"frame": {"x":213,"y":1,"w":39,"h":38},
	"rotated": false,
	"trimmed": false,
	"spriteSourceSize": {"x":0,"y":0,"w":39,"h":38},
	"sourceSize": {"w":39,"h":38}
},
"bravo_hurt instancia 10002":
{
	"frame": {"x":253,"y":1,"w":39,"h":38},
	"rotated": false,
	"trimmed": false,
	"spriteSourceSize": {"x":0,"y":0,"w":39,"h":38},
	"sourceSize": {"w":39,"h":38}
},
"cae_animation instancia 10000":
{
	"frame": {"x":293,"y":1,"w":38,"h":35},
	"rotated": false,
	"trimmed": false,
	"spriteSourceSize": {"x":0,"y":0,"w":38,"h":35},
	"sourceSize": {"w":38,"h":35}
},
"cae_animation instancia 10001":
{
	"frame": {"x":332,"y":1,"w":38,"h":35},
	"rotated": false,
	"trimmed": false,
	"spriteSourceSize": {"x":0,"y":0,"w":38,"h":35},
	"sourceSize": {"w":38,"h":35}
},
"cae_animation instancia 10002":
{
	"frame": {"x":371,"y":1,"w":38,"h":35},
	"rotated": false,
	"trimmed": false,
	"spriteSourceSize": {"x":0,"y":0,"w":38,"h":35},
	"sourceSize": {"w":38,"h":35}
},
"cae_animation instancia 10003":
{
	"frame": {"x":410,"y":1,"w":38,"h":35},
	"rotated": false,
	"trimmed": false,
	"spriteSourceSize": {"x":0,"y":0,"w":38,"h":35},
	"sourceSize": {"w":38,"h":35}
},
"camina_animation instancia 10000":
{
	"frame": {"x":449,"y":1,"w":40,"h":37},
	"rotated": false,
	"trimmed": false,
	"spriteSourceSize": {"x":0,"y":0,"w":40,"h":37},
	"sourceSize": {"w":40,"h":37}
},
"camina_animation instancia 10001":
{
	"frame": {"x":1,"y":46,"w":40,"h":37},
	"rotated": false,
	"trimmed": false,
	"spriteSourceSize": {"x":0,"y":0,"w":40,"h":37},
	"sourceSize": {"w":40,"h":37}
},
"camina_animation instancia 10002":
{
	"frame": {"x":42,"y":46,"w":40,"h":37},
	"rotated": false,
	"trimmed": false,
	"spriteSourceSize": {"x":0,"y":0,"w":40,"h":37},
	"sourceSize": {"w":40,"h":37}
},
"camina_animation instancia 10003":
{
	"frame": {"x":83,"y":46,"w":40,"h":37},
	"rotated": false,
	"trimmed": false,
	"spriteSourceSize": {"x":0,"y":0,"w":40,"h":37},
	"sourceSize": {"w":40,"h":37}
},
"camina_animation instancia 10004":
{
	"frame": {"x":124,"y":46,"w":40,"h":37},
	"rotated": false,
	"trimmed": false,
	"spriteSourceSize": {"x":0,"y":0,"w":40,"h":37},
	"sourceSize": {"w":40,"h":37}
},
"camina_animation instancia 10005":
{
	"frame": {"x":165,"y":46,"w":40,"h":37},
	"rotated": false,
	"trimmed": false,
	"spriteSourceSize": {"x":0,"y":0,"w":40,"h":37},
	"sourceSize": {"w":40,"h":37}
},
"camina_animation instancia 10006":
{
	"frame": {"x":206,"y":46,"w":40,"h":37},
	"rotated": false,
	"trimmed": false,
	"spriteSourceSize": {"x":0,"y":0,"w":40,"h":37},
	"sourceSize": {"w":40,"h":37}
},
"camina_animation instancia 10007":
{
	"frame": {"x":247,"y":46,"w":40,"h":37},
	"rotated": false,
	"trimmed": false,
	"spriteSourceSize": {"x":0,"y":0,"w":40,"h":37},
	"sourceSize": {"w":40,"h":37}
},
"camina_animation instancia 10008":
{
	"frame": {"x":288,"y":46,"w":40,"h":37},
	"rotated": false,
	"trimmed": false,
	"spriteSourceSize": {"x":0,"y":0,"w":40,"h":37},
	"sourceSize": {"w":40,"h":37}
},
"camina_animation instancia 10009":
{
	"frame": {"x":329,"y":46,"w":40,"h":37},
	"rotated": false,
	"trimmed": false,
	"spriteSourceSize": {"x":0,"y":0,"w":40,"h":37},
	"sourceSize": {"w":40,"h":37}
},
"camina_doubleJump instancia 10000":
{
	"frame": {"x":370,"y":46,"w":38,"h":37},
	"rotated": false,
	"trimmed": false,
	"spriteSourceSize": {"x":0,"y":0,"w":38,"h":37},
	"sourceSize": {"w":38,"h":37}
},
"camina_doubleJump instancia 10001":
{
	"frame": {"x":409,"y":46,"w":38,"h":37},
	"rotated": false,
	"trimmed": false,
	"spriteSourceSize": {"x":0,"y":0,"w":38,"h":37},
	"sourceSize": {"w":38,"h":37}
},
"camina_doubleJump instancia 10002":
{
	"frame": {"x":448,"y":46,"w":38,"h":37},
	"rotated": false,
	"trimmed": false,
	"spriteSourceSize": {"x":0,"y":0,"w":38,"h":37},
	"sourceSize": {"w":38,"h":37}
},
"camina_doubleJump instancia 10003":
{
	"frame": {"x":1,"y":84,"w":38,"h":37},
	"rotated": false,
	"trimmed": false,
	"spriteSourceSize": {"x":0,"y":0,"w":38,"h":37},
	"sourceSize": {"w":38,"h":37}
},
"camina_doubleJump instancia 10004":
{
	"frame": {"x":40,"y":84,"w":38,"h":37},
	"rotated": false,
	"trimmed": false,
	"spriteSourceSize": {"x":0,"y":0,"w":38,"h":37},
	"sourceSize": {"w":38,"h":37}
},
"camina_doubleJump instancia 10005":
{
	"frame": {"x":79,"y":84,"w":38,"h":37},
	"rotated": false,
	"trimmed": false,
	"spriteSourceSize": {"x":0,"y":0,"w":38,"h":37},
	"sourceSize": {"w":38,"h":37}
},
"camina_doubleJump instancia 10006":
{
	"frame": {"x":118,"y":84,"w":38,"h":37},
	"rotated": false,
	"trimmed": false,
	"spriteSourceSize": {"x":0,"y":0,"w":38,"h":37},
	"sourceSize": {"w":38,"h":37}
},
"camina_doubleJump instancia 10007":
{
	"frame": {"x":157,"y":84,"w":38,"h":37},
	"rotated": false,
	"trimmed": false,
	"spriteSourceSize": {"x":0,"y":0,"w":38,"h":37},
	"sourceSize": {"w":38,"h":37}
},
"camina_doubleJump instancia 10008":
{
	"frame": {"x":196,"y":84,"w":38,"h":37},
	"rotated": false,
	"trimmed": false,
	"spriteSourceSize": {"x":0,"y":0,"w":38,"h":37},
	"sourceSize": {"w":38,"h":37}
},
"camina_doubleJump instancia 10009":
{
	"frame": {"x":235,"y":84,"w":38,"h":37},
	"rotated": false,
	"trimmed": false,
	"spriteSourceSize": {"x":0,"y":0,"w":38,"h":37},
	"sourceSize": {"w":38,"h":37}
},
"die0000":
{
	"frame": {"x":274,"y":84,"w":38,"h":35},
	"rotated": false,
	"trimmed": false,
	"spriteSourceSize": {"x":0,"y":0,"w":38,"h":35},
	"sourceSize": {"w":38,"h":35}
},
"die0001":
{
	"frame": {"x":313,"y":84,"w":38,"h":35},
	"rotated": false,
	"trimmed": false,
	"spriteSourceSize": {"x":0,"y":0,"w":38,"h":35},
	"sourceSize": {"w":38,"h":35}
},
"die0002":
{
	"frame": {"x":352,"y":84,"w":38,"h":35},
	"rotated": false,
	"trimmed": false,
	"spriteSourceSize": {"x":0,"y":0,"w":38,"h":35},
	"sourceSize": {"w":38,"h":35}
},
"die0003":
{
	"frame": {"x":391,"y":84,"w":38,"h":35},
	"rotated": false,
	"trimmed": false,
	"spriteSourceSize": {"x":0,"y":0,"w":38,"h":35},
	"sourceSize": {"w":38,"h":35}
},
"drop_animation instancia 10000":
{
	"frame": {"x":430,"y":84,"w":39,"h":35},
	"rotated": false,
	"trimmed": false,
	"spriteSourceSize": {"x":0,"y":0,"w":39,"h":35},
	"sourceSize": {"w":39,"h":35}
},
"drop_animation instancia 10001":
{
	"frame": {"x":470,"y":84,"w":39,"h":35},
	"rotated": false,
	"trimmed": false,
	"spriteSourceSize": {"x":0,"y":0,"w":39,"h":35},
	"sourceSize": {"w":39,"h":35}
},
"drop_animation instancia 10002":
{
	"frame": {"x":1,"y":122,"w":39,"h":35},
	"rotated": false,
	"trimmed": false,
	"spriteSourceSize": {"x":0,"y":0,"w":39,"h":35},
	"sourceSize": {"w":39,"h":35}
},
"drop_animation instancia 10003":
{
	"frame": {"x":41,"y":122,"w":39,"h":35},
	"rotated": false,
	"trimmed": false,
	"spriteSourceSize": {"x":0,"y":0,"w":39,"h":35},
	"sourceSize": {"w":39,"h":35}
},
"enteringDoor instancia 10000":
{
	"frame": {"x":81,"y":122,"w":39,"h":35},
	"rotated": false,
	"trimmed": false,
	"spriteSourceSize": {"x":0,"y":0,"w":39,"h":35},
	"sourceSize": {"w":39,"h":35}
},
"enteringDoor instancia 10001":
{
	"frame": {"x":121,"y":122,"w":39,"h":35},
	"rotated": false,
	"trimmed": false,
	"spriteSourceSize": {"x":0,"y":0,"w":39,"h":35},
	"sourceSize": {"w":39,"h":35}
},
"enteringDoor instancia 10002":
{
	"frame": {"x":161,"y":122,"w":39,"h":35},
	"rotated": false,
	"trimmed": false,
	"spriteSourceSize": {"x":0,"y":0,"w":39,"h":35},
	"sourceSize": {"w":39,"h":35}
},
"enteringDoor instancia 10003":
{
	"frame": {"x":201,"y":122,"w":39,"h":35},
	"rotated": false,
	"trimmed": false,
	"spriteSourceSize": {"x":0,"y":0,"w":39,"h":35},
	"sourceSize": {"w":39,"h":35}
},
"entra_puerta instancia 10000":
{
	"frame": {"x":241,"y":122,"w":43,"h":39},
	"rotated": false,
	"trimmed": false,
	"spriteSourceSize": {"x":0,"y":0,"w":43,"h":39},
	"sourceSize": {"w":43,"h":39}
},
"entra_puerta instancia 10001":
{
	"frame": {"x":285,"y":122,"w":43,"h":39},
	"rotated": false,
	"trimmed": false,
	"spriteSourceSize": {"x":0,"y":0,"w":43,"h":39},
	"sourceSize": {"w":43,"h":39}
},
"entra_puerta instancia 10002":
{
	"frame": {"x":329,"y":122,"w":43,"h":39},
	"rotated": false,
	"trimmed": false,
	"spriteSourceSize": {"x":0,"y":0,"w":43,"h":39},
	"sourceSize": {"w":43,"h":39}
},
"entra_puerta instancia 10003":
{
	"frame": {"x":373,"y":122,"w":43,"h":39},
	"rotated": false,
	"trimmed": false,
	"spriteSourceSize": {"x":0,"y":0,"w":43,"h":39},
	"sourceSize": {"w":43,"h":39}
},
"entra_puerta instancia 10004":
{
	"frame": {"x":417,"y":122,"w":43,"h":39},
	"rotated": false,
	"trimmed": false,
	"spriteSourceSize": {"x":0,"y":0,"w":43,"h":39},
	"sourceSize": {"w":43,"h":39}
},
"entra_puerta instancia 10005":
{
	"frame": {"x":461,"y":122,"w":43,"h":39},
	"rotated": false,
	"trimmed": false,
	"spriteSourceSize": {"x":0,"y":0,"w":43,"h":39},
	"sourceSize": {"w":43,"h":39}
},
"entra_puerta instancia 10006":
{
	"frame": {"x":1,"y":162,"w":43,"h":39},
	"rotated": false,
	"trimmed": false,
	"spriteSourceSize": {"x":0,"y":0,"w":43,"h":39},
	"sourceSize": {"w":43,"h":39}
},
"entra_puerta instancia 10007":
{
	"frame": {"x":45,"y":162,"w":43,"h":39},
	"rotated": false,
	"trimmed": false,
	"spriteSourceSize": {"x":0,"y":0,"w":43,"h":39},
	"sourceSize": {"w":43,"h":39}
},
"entra_puerta instancia 10008":
{
	"frame": {"x":89,"y":162,"w":43,"h":39},
	"rotated": false,
	"trimmed": false,
	"spriteSourceSize": {"x":0,"y":0,"w":43,"h":39},
	"sourceSize": {"w":43,"h":39}
},
"entra_puerta instancia 10009":
{
	"frame": {"x":133,"y":162,"w":43,"h":39},
	"rotated": false,
	"trimmed": false,
	"spriteSourceSize": {"x":0,"y":0,"w":43,"h":39},
	"sourceSize": {"w":43,"h":39}
},
"entra_puerta instancia 10010":
{
	"frame": {"x":177,"y":162,"w":43,"h":39},
	"rotated": false,
	"trimmed": false,
	"spriteSourceSize": {"x":0,"y":0,"w":43,"h":39},
	"sourceSize": {"w":43,"h":39}
},
"entra_puerta instancia 10011":
{
	"frame": {"x":221,"y":162,"w":43,"h":39},
	"rotated": false,
	"trimmed": false,
	"spriteSourceSize": {"x":0,"y":0,"w":43,"h":39},
	"sourceSize": {"w":43,"h":39}
},
"entra_puerta instancia 10012":
{
	"frame": {"x":265,"y":162,"w":43,"h":39},
	"rotated": false,
	"trimmed": false,
	"spriteSourceSize": {"x":0,"y":0,"w":43,"h":39},
	"sourceSize": {"w":43,"h":39}
},
"entra_puerta instancia 10013":
{
	"frame": {"x":309,"y":162,"w":43,"h":39},
	"rotated": false,
	"trimmed": false,
	"spriteSourceSize": {"x":0,"y":0,"w":43,"h":39},
	"sourceSize": {"w":43,"h":39}
},
"entra_puerta instancia 10014":
{
	"frame": {"x":353,"y":162,"w":43,"h":39},
	"rotated": false,
	"trimmed": false,
	"spriteSourceSize": {"x":0,"y":0,"w":43,"h":39},
	"sourceSize": {"w":43,"h":39}
},
"entra_puerta instancia 10015":
{
	"frame": {"x":397,"y":162,"w":43,"h":39},
	"rotated": false,
	"trimmed": false,
	"spriteSourceSize": {"x":0,"y":0,"w":43,"h":39},
	"sourceSize": {"w":43,"h":39}
},
"entra_puerta instancia 10016":
{
	"frame": {"x":441,"y":162,"w":43,"h":39},
	"rotated": false,
	"trimmed": false,
	"spriteSourceSize": {"x":0,"y":0,"w":43,"h":39},
	"sourceSize": {"w":43,"h":39}
},
"entra_puerta instancia 10017":
{
	"frame": {"x":1,"y":202,"w":43,"h":39},
	"rotated": false,
	"trimmed": false,
	"spriteSourceSize": {"x":0,"y":0,"w":43,"h":39},
	"sourceSize": {"w":43,"h":39}
},
"entra_puerta instancia 10018":
{
	"frame": {"x":45,"y":202,"w":43,"h":39},
	"rotated": false,
	"trimmed": false,
	"spriteSourceSize": {"x":0,"y":0,"w":43,"h":39},
	"sourceSize": {"w":43,"h":39}
},
"fallingDoubleJump0000":
{
	"frame": {"x":89,"y":202,"w":38,"h":35},
	"rotated": false,
	"trimmed": false,
	"spriteSourceSize": {"x":0,"y":0,"w":38,"h":35},
	"sourceSize": {"w":38,"h":35}
},
"fallingDoubleJump0001":
{
	"frame": {"x":128,"y":202,"w":38,"h":35},
	"rotated": false,
	"trimmed": false,
	"spriteSourceSize": {"x":0,"y":0,"w":38,"h":35},
	"sourceSize": {"w":38,"h":35}
},
"fallingDoubleJump0002":
{
	"frame": {"x":167,"y":202,"w":38,"h":35},
	"rotated": false,
	"trimmed": false,
	"spriteSourceSize": {"x":0,"y":0,"w":38,"h":35},
	"sourceSize": {"w":38,"h":35}
},
"fallingDoubleJump0003":
{
	"frame": {"x":206,"y":202,"w":38,"h":35},
	"rotated": false,
	"trimmed": false,
	"spriteSourceSize": {"x":0,"y":0,"w":38,"h":35},
	"sourceSize": {"w":38,"h":35}
},
"flying instancia 10000":
{
	"frame": {"x":245,"y":202,"w":39,"h":38},
	"rotated": false,
	"trimmed": false,
	"spriteSourceSize": {"x":0,"y":0,"w":39,"h":38},
	"sourceSize": {"w":39,"h":38}
},
"idle20000":
{
	"frame": {"x":285,"y":202,"w":39,"h":35},
	"rotated": false,
	"trimmed": false,
	"spriteSourceSize": {"x":0,"y":0,"w":39,"h":35},
	"sourceSize": {"w":39,"h":35}
},
"idle20001":
{
	"frame": {"x":325,"y":202,"w":39,"h":35},
	"rotated": false,
	"trimmed": false,
	"spriteSourceSize": {"x":0,"y":0,"w":39,"h":35},
	"sourceSize": {"w":39,"h":35}
},
"idle20002":
{
	"frame": {"x":365,"y":202,"w":39,"h":35},
	"rotated": false,
	"trimmed": false,
	"spriteSourceSize": {"x":0,"y":0,"w":39,"h":35},
	"sourceSize": {"w":39,"h":35}
},
"idle20003":
{
	"frame": {"x":405,"y":202,"w":39,"h":35},
	"rotated": false,
	"trimmed": false,
	"spriteSourceSize": {"x":0,"y":0,"w":39,"h":35},
	"sourceSize": {"w":39,"h":35}
},
"idleDoublejump0000":
{
	"frame": {"x":445,"y":202,"w":39,"h":36},
	"rotated": false,
	"trimmed": false,
	"spriteSourceSize": {"x":0,"y":0,"w":39,"h":36},
	"sourceSize": {"w":39,"h":36}
},
"idleDoublejump0001":
{
	"frame": {"x":1,"y":242,"w":39,"h":36},
	"rotated": false,
	"trimmed": false,
	"spriteSourceSize": {"x":0,"y":0,"w":39,"h":36},
	"sourceSize": {"w":39,"h":36}
},
"idleDoublejump0002":
{
	"frame": {"x":41,"y":242,"w":39,"h":36},
	"rotated": false,
	"trimmed": false,
	"spriteSourceSize": {"x":0,"y":0,"w":39,"h":36},
	"sourceSize": {"w":39,"h":36}
},
"idleDoublejump0003":
{
	"frame": {"x":81,"y":242,"w":39,"h":36},
	"rotated": false,
	"trimmed": false,
	"spriteSourceSize": {"x":0,"y":0,"w":39,"h":36},
	"sourceSize": {"w":39,"h":36}
},
"idle_animation instancia 10000":
{
	"frame": {"x":121,"y":242,"w":38,"h":36},
	"rotated": false,
	"trimmed": false,
	"spriteSourceSize": {"x":0,"y":0,"w":38,"h":36},
	"sourceSize": {"w":38,"h":36}
},
"idle_animation instancia 10001":
{
	"frame": {"x":160,"y":242,"w":38,"h":36},
	"rotated": false,
	"trimmed": false,
	"spriteSourceSize": {"x":0,"y":0,"w":38,"h":36},
	"sourceSize": {"w":38,"h":36}
},
"idle_animation instancia 10002":
{
	"frame": {"x":199,"y":242,"w":38,"h":36},
	"rotated": false,
	"trimmed": false,
	"spriteSourceSize": {"x":0,"y":0,"w":38,"h":36},
	"sourceSize": {"w":38,"h":36}
},
"idle_animation instancia 10003":
{
	"frame": {"x":238,"y":242,"w":38,"h":36},
	"rotated": false,
	"trimmed": false,
	"spriteSourceSize": {"x":0,"y":0,"w":38,"h":36},
	"sourceSize": {"w":38,"h":36}
},
"jetpack0000":
{
	"frame": {"x":277,"y":242,"w":43,"h":43},
	"rotated": false,
	"trimmed": false,
	"spriteSourceSize": {"x":0,"y":0,"w":43,"h":43},
	"sourceSize": {"w":43,"h":43}
},
"jetpackWalk0000":
{
	"frame": {"x":321,"y":242,"w":42,"h":42},
	"rotated": false,
	"trimmed": false,
	"spriteSourceSize": {"x":0,"y":0,"w":42,"h":42},
	"sourceSize": {"w":42,"h":42}
},
"jetpackWalk0001":
{
	"frame": {"x":364,"y":242,"w":42,"h":42},
	"rotated": false,
	"trimmed": false,
	"spriteSourceSize": {"x":0,"y":0,"w":42,"h":42},
	"sourceSize": {"w":42,"h":42}
},
"puff0000":
{
	"frame": {"x":407,"y":242,"w":39,"h":35},
	"rotated": false,
	"trimmed": false,
	"spriteSourceSize": {"x":0,"y":0,"w":39,"h":35},
	"sourceSize": {"w":39,"h":35}
},
"puff0001":
{
	"frame": {"x":447,"y":242,"w":39,"h":35},
	"rotated": false,
	"trimmed": false,
	"spriteSourceSize": {"x":0,"y":0,"w":39,"h":35},
	"sourceSize": {"w":39,"h":35}
},
"puff0002":
{
	"frame": {"x":1,"y":286,"w":39,"h":35},
	"rotated": false,
	"trimmed": false,
	"spriteSourceSize": {"x":0,"y":0,"w":39,"h":35},
	"sourceSize": {"w":39,"h":35}
},
"rueda_animation instancia 10000":
{
	"frame": {"x":41,"y":286,"w":38,"h":35},
	"rotated": false,
	"trimmed": false,
	"spriteSourceSize": {"x":0,"y":0,"w":38,"h":35},
	"sourceSize": {"w":38,"h":35}
},
"rueda_animation instancia 10001":
{
	"frame": {"x":80,"y":286,"w":38,"h":35},
	"rotated": false,
	"trimmed": false,
	"spriteSourceSize": {"x":0,"y":0,"w":38,"h":35},
	"sourceSize": {"w":38,"h":35}
},
"supaRolling instancia 10000":
{
	"frame": {"x":119,"y":286,"w":39,"h":35},
	"rotated": false,
	"trimmed": false,
	"spriteSourceSize": {"x":0,"y":0,"w":39,"h":35},
	"sourceSize": {"w":39,"h":35}
},
"supaRolling instancia 10001":
{
	"frame": {"x":159,"y":286,"w":39,"h":35},
	"rotated": false,
	"trimmed": false,
	"spriteSourceSize": {"x":0,"y":0,"w":39,"h":35},
	"sourceSize": {"w":39,"h":35}
},
"winAnimation0000":
{
	"frame": {"x":199,"y":286,"w":43,"h":48},
	"rotated": false,
	"trimmed": false,
	"spriteSourceSize": {"x":0,"y":0,"w":43,"h":48},
	"sourceSize": {"w":43,"h":48}
},
"winAnimation0001":
{
	"frame": {"x":243,"y":286,"w":43,"h":48},
	"rotated": false,
	"trimmed": false,
	"spriteSourceSize": {"x":0,"y":0,"w":43,"h":48},
	"sourceSize": {"w":43,"h":48}
},
"winAnimation0002":
{
	"frame": {"x":287,"y":286,"w":43,"h":48},
	"rotated": false,
	"trimmed": false,
	"spriteSourceSize": {"x":0,"y":0,"w":43,"h":48},
	"sourceSize": {"w":43,"h":48}
},
"winAnimation0003":
{
	"frame": {"x":331,"y":286,"w":43,"h":48},
	"rotated": false,
	"trimmed": false,
	"spriteSourceSize": {"x":0,"y":0,"w":43,"h":48},
	"sourceSize": {"w":43,"h":48}
},
"winAnimation0004":
{
	"frame": {"x":375,"y":286,"w":43,"h":48},
	"rotated": false,
	"trimmed": false,
	"spriteSourceSize": {"x":0,"y":0,"w":43,"h":48},
	"sourceSize": {"w":43,"h":48}
},
"winAnimation0005":
{
	"frame": {"x":419,"y":286,"w":43,"h":48},
	"rotated": false,
	"trimmed": false,
	"spriteSourceSize": {"x":0,"y":0,"w":43,"h":48},
	"sourceSize": {"w":43,"h":48}
},
"winAnimation0006":
{
	"frame": {"x":463,"y":286,"w":43,"h":48},
	"rotated": false,
	"trimmed": false,
	"spriteSourceSize": {"x":0,"y":0,"w":43,"h":48},
	"sourceSize": {"w":43,"h":48}
},
"winAnimation0007":
{
	"frame": {"x":1,"y":335,"w":43,"h":48},
	"rotated": false,
	"trimmed": false,
	"spriteSourceSize": {"x":0,"y":0,"w":43,"h":48},
	"sourceSize": {"w":43,"h":48}
},
"winAnimation0008":
{
	"frame": {"x":45,"y":335,"w":43,"h":48},
	"rotated": false,
	"trimmed": false,
	"spriteSourceSize": {"x":0,"y":0,"w":43,"h":48},
	"sourceSize": {"w":43,"h":48}
},
"winAnimation0009":
{
	"frame": {"x":89,"y":335,"w":43,"h":48},
	"rotated": false,
	"trimmed": false,
	"spriteSourceSize": {"x":0,"y":0,"w":43,"h":48},
	"sourceSize": {"w":43,"h":48}
},
"winAnimation0010":
{
	"frame": {"x":133,"y":335,"w":43,"h":48},
	"rotated": false,
	"trimmed": false,
	"spriteSourceSize": {"x":0,"y":0,"w":43,"h":48},
	"sourceSize": {"w":43,"h":48}
},
"winAnimation0011":
{
	"frame": {"x":177,"y":335,"w":43,"h":48},
	"rotated": false,
	"trimmed": false,
	"spriteSourceSize": {"x":0,"y":0,"w":43,"h":48},
	"sourceSize": {"w":43,"h":48}
},
"winAnimation0012":
{
	"frame": {"x":221,"y":335,"w":43,"h":48},
	"rotated": false,
	"trimmed": false,
	"spriteSourceSize": {"x":0,"y":0,"w":43,"h":48},
	"sourceSize": {"w":43,"h":48}
},
"winAnimation0013":
{
	"frame": {"x":265,"y":335,"w":43,"h":48},
	"rotated": false,
	"trimmed": false,
	"spriteSourceSize": {"x":0,"y":0,"w":43,"h":48},
	"sourceSize": {"w":43,"h":48}
},
"winAnimation0014":
{
	"frame": {"x":309,"y":335,"w":43,"h":48},
	"rotated": false,
	"trimmed": false,
	"spriteSourceSize": {"x":0,"y":0,"w":43,"h":48},
	"sourceSize": {"w":43,"h":48}
},
"winAnimation0015":
{
	"frame": {"x":353,"y":335,"w":43,"h":48},
	"rotated": false,
	"trimmed": false,
	"spriteSourceSize": {"x":0,"y":0,"w":43,"h":48},
	"sourceSize": {"w":43,"h":48}
},
"winAnimation0016":
{
	"frame": {"x":397,"y":335,"w":43,"h":48},
	"rotated": false,
	"trimmed": false,
	"spriteSourceSize": {"x":0,"y":0,"w":43,"h":48},
	"sourceSize": {"w":43,"h":48}
},
"winAnimation0017":
{
	"frame": {"x":441,"y":335,"w":43,"h":48},
	"rotated": false,
	"trimmed": false,
	"spriteSourceSize": {"x":0,"y":0,"w":43,"h":48},
	"sourceSize": {"w":43,"h":48}
},
"winAnimation0018":
{
	"frame": {"x":1,"y":384,"w":43,"h":48},
	"rotated": false,
	"trimmed": false,
	"spriteSourceSize": {"x":0,"y":0,"w":43,"h":48},
	"sourceSize": {"w":43,"h":48}
},
"winAnimation0019":
{
	"frame": {"x":45,"y":384,"w":43,"h":48},
	"rotated": false,
	"trimmed": false,
	"spriteSourceSize": {"x":0,"y":0,"w":43,"h":48},
	"sourceSize": {"w":43,"h":48}
},
"winAnimation0020":
{
	"frame": {"x":89,"y":384,"w":43,"h":48},
	"rotated": false,
	"trimmed": false,
	"spriteSourceSize": {"x":0,"y":0,"w":43,"h":48},
	"sourceSize": {"w":43,"h":48}
},
"winAnimation0021":
{
	"frame": {"x":133,"y":384,"w":43,"h":48},
	"rotated": false,
	"trimmed": false,
	"spriteSourceSize": {"x":0,"y":0,"w":43,"h":48},
	"sourceSize": {"w":43,"h":48}
},
"winAnimation0022":
{
	"frame": {"x":177,"y":384,"w":43,"h":48},
	"rotated": false,
	"trimmed": false,
	"spriteSourceSize": {"x":0,"y":0,"w":43,"h":48},
	"sourceSize": {"w":43,"h":48}
},
"winAnimation0023":
{
	"frame": {"x":221,"y":384,"w":43,"h":48},
	"rotated": false,
	"trimmed": false,
	"spriteSourceSize": {"x":0,"y":0,"w":43,"h":48},
	"sourceSize": {"w":43,"h":48}
},
"winAnimation0024":
{
	"frame": {"x":265,"y":384,"w":43,"h":48},
	"rotated": false,
	"trimmed": false,
	"spriteSourceSize": {"x":0,"y":0,"w":43,"h":48},
	"sourceSize": {"w":43,"h":48}
},
"winAnimation0025":
{
	"frame": {"x":309,"y":384,"w":43,"h":48},
	"rotated": false,
	"trimmed": false,
	"spriteSourceSize": {"x":0,"y":0,"w":43,"h":48},
	"sourceSize": {"w":43,"h":48}
},
"winAnimation0026":
{
	"frame": {"x":353,"y":384,"w":43,"h":48},
	"rotated": false,
	"trimmed": false,
	"spriteSourceSize": {"x":0,"y":0,"w":43,"h":48},
	"sourceSize": {"w":43,"h":48}
},
"winAnimation0027":
{
	"frame": {"x":397,"y":384,"w":43,"h":48},
	"rotated": false,
	"trimmed": false,
	"spriteSourceSize": {"x":0,"y":0,"w":43,"h":48},
	"sourceSize": {"w":43,"h":48}
},
"winAnimation0028":
{
	"frame": {"x":441,"y":384,"w":43,"h":48},
	"rotated": false,
	"trimmed": false,
	"spriteSourceSize": {"x":0,"y":0,"w":43,"h":48},
	"sourceSize": {"w":43,"h":48}
}},
"meta": {
	"app": "Adobe Animate",
	"version": "19.2.1.408",
	"image": "newSupaAnimationsRune.png",
	"format": "RGBA8888",
	"size": {"w":512,"h":512},
	"scale": "1"
}
}
