﻿{"frames": {

"Bravo moordida.ai instance 10000":
{
	"frame": {"x":1,"y":1,"w":42,"h":43},
	"rotated": false,
	"trimmed": true,
	"spriteSourceSize": {"x":0,"y":0,"w":42,"h":44},
	"sourceSize": {"w":42,"h":44}
},
"Bravo moordida.ai instance 10001":
{
	"frame": {"x":44,"y":1,"w":39,"h":44},
	"rotated": false,
	"trimmed": true,
	"spriteSourceSize": {"x":3,"y":0,"w":42,"h":44},
	"sourceSize": {"w":42,"h":44}
},
"Bravo moordida.ai instance 10002":
{
	"frame": {"x":84,"y":1,"w":39,"h":34},
	"rotated": false,
	"trimmed": true,
	"spriteSourceSize": {"x":3,"y":9,"w":42,"h":44},
	"sourceSize": {"w":42,"h":44}
},
"Bravo moordida.ai instance 10003":
{
	"frame": {"x":124,"y":1,"w":39,"h":34},
	"rotated": false,
	"trimmed": true,
	"spriteSourceSize": {"x":3,"y":9,"w":42,"h":44},
	"sourceSize": {"w":42,"h":44}
},
"bravo_hurt instance 10000":
{
	"frame": {"x":164,"y":1,"w":39,"h":35},
	"rotated": false,
	"trimmed": true,
	"spriteSourceSize": {"x":0,"y":0,"w":39,"h":38},
	"sourceSize": {"w":39,"h":38}
},
"bravo_hurt instance 10001":
{
	"frame": {"x":204,"y":1,"w":38,"h":37},
	"rotated": false,
	"trimmed": true,
	"spriteSourceSize": {"x":0,"y":0,"w":39,"h":38},
	"sourceSize": {"w":39,"h":38}
},
"bravo_hurt instance 10002":
{
	"frame": {"x":243,"y":1,"w":38,"h":38},
	"rotated": false,
	"trimmed": true,
	"spriteSourceSize": {"x":0,"y":0,"w":39,"h":38},
	"sourceSize": {"w":39,"h":38}
},
"cae_animation instance 10000":
{
	"frame": {"x":282,"y":1,"w":38,"h":35},
	"rotated": false,
	"trimmed": false,
	"spriteSourceSize": {"x":0,"y":0,"w":38,"h":35},
	"sourceSize": {"w":38,"h":35}
},
"cae_animation instance 10001":
{
	"frame": {"x":321,"y":1,"w":38,"h":35},
	"rotated": false,
	"trimmed": false,
	"spriteSourceSize": {"x":0,"y":0,"w":38,"h":35},
	"sourceSize": {"w":38,"h":35}
},
"cae_animation instance 10002":
{
	"frame": {"x":360,"y":1,"w":38,"h":35},
	"rotated": false,
	"trimmed": false,
	"spriteSourceSize": {"x":0,"y":0,"w":38,"h":35},
	"sourceSize": {"w":38,"h":35}
},
"cae_animation instance 10003":
{
	"frame": {"x":399,"y":1,"w":38,"h":35},
	"rotated": false,
	"trimmed": false,
	"spriteSourceSize": {"x":0,"y":0,"w":38,"h":35},
	"sourceSize": {"w":38,"h":35}
},
"camina_animation instance 10000":
{
	"frame": {"x":438,"y":1,"w":40,"h":36},
	"rotated": false,
	"trimmed": true,
	"spriteSourceSize": {"x":0,"y":1,"w":40,"h":37},
	"sourceSize": {"w":40,"h":37}
},
"camina_animation instance 10001":
{
	"frame": {"x":1,"y":46,"w":40,"h":37},
	"rotated": false,
	"trimmed": true,
	"spriteSourceSize": {"x":0,"y":0,"w":40,"h":37},
	"sourceSize": {"w":40,"h":37}
},
"camina_animation instance 10002":
{
	"frame": {"x":42,"y":46,"w":40,"h":36},
	"rotated": false,
	"trimmed": true,
	"spriteSourceSize": {"x":0,"y":1,"w":40,"h":37},
	"sourceSize": {"w":40,"h":37}
},
"camina_animation instance 10003":
{
	"frame": {"x":83,"y":46,"w":39,"h":36},
	"rotated": false,
	"trimmed": true,
	"spriteSourceSize": {"x":1,"y":1,"w":40,"h":37},
	"sourceSize": {"w":40,"h":37}
},
"camina_animation instance 10004":
{
	"frame": {"x":123,"y":46,"w":39,"h":36},
	"rotated": false,
	"trimmed": true,
	"spriteSourceSize": {"x":1,"y":1,"w":40,"h":37},
	"sourceSize": {"w":40,"h":37}
},
"camina_animation instance 10005":
{
	"frame": {"x":163,"y":46,"w":39,"h":36},
	"rotated": false,
	"trimmed": true,
	"spriteSourceSize": {"x":1,"y":1,"w":40,"h":37},
	"sourceSize": {"w":40,"h":37}
},
"camina_animation instance 10006":
{
	"frame": {"x":203,"y":46,"w":40,"h":36},
	"rotated": false,
	"trimmed": true,
	"spriteSourceSize": {"x":0,"y":1,"w":40,"h":37},
	"sourceSize": {"w":40,"h":37}
},
"camina_animation instance 10007":
{
	"frame": {"x":244,"y":46,"w":40,"h":36},
	"rotated": false,
	"trimmed": true,
	"spriteSourceSize": {"x":0,"y":1,"w":40,"h":37},
	"sourceSize": {"w":40,"h":37}
},
"camina_animation instance 10008":
{
	"frame": {"x":285,"y":46,"w":39,"h":36},
	"rotated": false,
	"trimmed": true,
	"spriteSourceSize": {"x":1,"y":1,"w":40,"h":37},
	"sourceSize": {"w":40,"h":37}
},
"camina_animation instance 10009":
{
	"frame": {"x":325,"y":46,"w":40,"h":36},
	"rotated": false,
	"trimmed": true,
	"spriteSourceSize": {"x":0,"y":1,"w":40,"h":37},
	"sourceSize": {"w":40,"h":37}
},
"camina_doubleJump instance 10000":
{
	"frame": {"x":366,"y":46,"w":38,"h":37},
	"rotated": false,
	"trimmed": false,
	"spriteSourceSize": {"x":0,"y":0,"w":38,"h":37},
	"sourceSize": {"w":38,"h":37}
},
"camina_doubleJump instance 10001":
{
	"frame": {"x":405,"y":46,"w":38,"h":37},
	"rotated": false,
	"trimmed": false,
	"spriteSourceSize": {"x":0,"y":0,"w":38,"h":37},
	"sourceSize": {"w":38,"h":37}
},
"camina_doubleJump instance 10002":
{
	"frame": {"x":444,"y":46,"w":38,"h":37},
	"rotated": false,
	"trimmed": false,
	"spriteSourceSize": {"x":0,"y":0,"w":38,"h":37},
	"sourceSize": {"w":38,"h":37}
},
"camina_doubleJump instance 10003":
{
	"frame": {"x":1,"y":84,"w":38,"h":37},
	"rotated": false,
	"trimmed": false,
	"spriteSourceSize": {"x":0,"y":0,"w":38,"h":37},
	"sourceSize": {"w":38,"h":37}
},
"camina_doubleJump instance 10004":
{
	"frame": {"x":40,"y":84,"w":38,"h":37},
	"rotated": false,
	"trimmed": false,
	"spriteSourceSize": {"x":0,"y":0,"w":38,"h":37},
	"sourceSize": {"w":38,"h":37}
},
"camina_doubleJump instance 10005":
{
	"frame": {"x":79,"y":84,"w":38,"h":37},
	"rotated": false,
	"trimmed": false,
	"spriteSourceSize": {"x":0,"y":0,"w":38,"h":37},
	"sourceSize": {"w":38,"h":37}
},
"camina_doubleJump instance 10006":
{
	"frame": {"x":118,"y":84,"w":38,"h":37},
	"rotated": false,
	"trimmed": false,
	"spriteSourceSize": {"x":0,"y":0,"w":38,"h":37},
	"sourceSize": {"w":38,"h":37}
},
"camina_doubleJump instance 10007":
{
	"frame": {"x":157,"y":84,"w":38,"h":37},
	"rotated": false,
	"trimmed": false,
	"spriteSourceSize": {"x":0,"y":0,"w":38,"h":37},
	"sourceSize": {"w":38,"h":37}
},
"camina_doubleJump instance 10008":
{
	"frame": {"x":196,"y":84,"w":38,"h":37},
	"rotated": false,
	"trimmed": false,
	"spriteSourceSize": {"x":0,"y":0,"w":38,"h":37},
	"sourceSize": {"w":38,"h":37}
},
"camina_doubleJump instance 10009":
{
	"frame": {"x":235,"y":84,"w":38,"h":37},
	"rotated": false,
	"trimmed": false,
	"spriteSourceSize": {"x":0,"y":0,"w":38,"h":37},
	"sourceSize": {"w":38,"h":37}
},
"die0000":
{
	"frame": {"x":274,"y":84,"w":38,"h":35},
	"rotated": false,
	"trimmed": false,
	"spriteSourceSize": {"x":0,"y":0,"w":38,"h":35},
	"sourceSize": {"w":38,"h":35}
},
"die0001":
{
	"frame": {"x":313,"y":84,"w":38,"h":35},
	"rotated": false,
	"trimmed": false,
	"spriteSourceSize": {"x":0,"y":0,"w":38,"h":35},
	"sourceSize": {"w":38,"h":35}
},
"die0002":
{
	"frame": {"x":352,"y":84,"w":38,"h":35},
	"rotated": false,
	"trimmed": false,
	"spriteSourceSize": {"x":0,"y":0,"w":38,"h":35},
	"sourceSize": {"w":38,"h":35}
},
"die0003":
{
	"frame": {"x":391,"y":84,"w":38,"h":35},
	"rotated": false,
	"trimmed": false,
	"spriteSourceSize": {"x":0,"y":0,"w":38,"h":35},
	"sourceSize": {"w":38,"h":35}
},
"drop_animation instance 10000":
{
	"frame": {"x":430,"y":84,"w":39,"h":35},
	"rotated": false,
	"trimmed": false,
	"spriteSourceSize": {"x":0,"y":0,"w":39,"h":35},
	"sourceSize": {"w":39,"h":35}
},
"drop_animation instance 10001":
{
	"frame": {"x":470,"y":84,"w":39,"h":35},
	"rotated": false,
	"trimmed": false,
	"spriteSourceSize": {"x":0,"y":0,"w":39,"h":35},
	"sourceSize": {"w":39,"h":35}
},
"drop_animation instance 10002":
{
	"frame": {"x":1,"y":122,"w":39,"h":35},
	"rotated": false,
	"trimmed": false,
	"spriteSourceSize": {"x":0,"y":0,"w":39,"h":35},
	"sourceSize": {"w":39,"h":35}
},
"drop_animation instance 10003":
{
	"frame": {"x":41,"y":122,"w":39,"h":35},
	"rotated": false,
	"trimmed": false,
	"spriteSourceSize": {"x":0,"y":0,"w":39,"h":35},
	"sourceSize": {"w":39,"h":35}
},
"enteringDoor instance 10000":
{
	"frame": {"x":81,"y":122,"w":39,"h":35},
	"rotated": false,
	"trimmed": false,
	"spriteSourceSize": {"x":0,"y":0,"w":39,"h":35},
	"sourceSize": {"w":39,"h":35}
},
"enteringDoor instance 10001":
{
	"frame": {"x":121,"y":122,"w":39,"h":35},
	"rotated": false,
	"trimmed": false,
	"spriteSourceSize": {"x":0,"y":0,"w":39,"h":35},
	"sourceSize": {"w":39,"h":35}
},
"enteringDoor instance 10002":
{
	"frame": {"x":161,"y":122,"w":39,"h":35},
	"rotated": false,
	"trimmed": false,
	"spriteSourceSize": {"x":0,"y":0,"w":39,"h":35},
	"sourceSize": {"w":39,"h":35}
},
"enteringDoor instance 10003":
{
	"frame": {"x":201,"y":122,"w":39,"h":35},
	"rotated": false,
	"trimmed": false,
	"spriteSourceSize": {"x":0,"y":0,"w":39,"h":35},
	"sourceSize": {"w":39,"h":35}
},
"entra_puerta instance 10000":
{
	"frame": {"x":241,"y":122,"w":39,"h":37},
	"rotated": false,
	"trimmed": true,
	"spriteSourceSize": {"x":3,"y":0,"w":43,"h":39},
	"sourceSize": {"w":43,"h":39}
},
"entra_puerta instance 10001":
{
	"frame": {"x":281,"y":122,"w":39,"h":38},
	"rotated": false,
	"trimmed": true,
	"spriteSourceSize": {"x":3,"y":0,"w":43,"h":39},
	"sourceSize": {"w":43,"h":39}
},
"entra_puerta instance 10002":
{
	"frame": {"x":321,"y":122,"w":39,"h":37},
	"rotated": false,
	"trimmed": true,
	"spriteSourceSize": {"x":3,"y":0,"w":43,"h":39},
	"sourceSize": {"w":43,"h":39}
},
"entra_puerta instance 10003":
{
	"frame": {"x":361,"y":122,"w":41,"h":37},
	"rotated": false,
	"trimmed": true,
	"spriteSourceSize": {"x":1,"y":0,"w":43,"h":39},
	"sourceSize": {"w":43,"h":39}
},
"entra_puerta instance 10004":
{
	"frame": {"x":403,"y":122,"w":40,"h":37},
	"rotated": false,
	"trimmed": true,
	"spriteSourceSize": {"x":3,"y":0,"w":43,"h":39},
	"sourceSize": {"w":43,"h":39}
},
"entra_puerta instance 10005":
{
	"frame": {"x":444,"y":122,"w":40,"h":37},
	"rotated": false,
	"trimmed": true,
	"spriteSourceSize": {"x":3,"y":0,"w":43,"h":39},
	"sourceSize": {"w":43,"h":39}
},
"entra_puerta instance 10006":
{
	"frame": {"x":1,"y":161,"w":40,"h":37},
	"rotated": false,
	"trimmed": true,
	"spriteSourceSize": {"x":3,"y":0,"w":43,"h":39},
	"sourceSize": {"w":43,"h":39}
},
"entra_puerta instance 10007":
{
	"frame": {"x":42,"y":161,"w":40,"h":37},
	"rotated": false,
	"trimmed": true,
	"spriteSourceSize": {"x":3,"y":0,"w":43,"h":39},
	"sourceSize": {"w":43,"h":39}
},
"entra_puerta instance 10008":
{
	"frame": {"x":83,"y":161,"w":40,"h":37},
	"rotated": false,
	"trimmed": true,
	"spriteSourceSize": {"x":3,"y":0,"w":43,"h":39},
	"sourceSize": {"w":43,"h":39}
},
"entra_puerta instance 10009":
{
	"frame": {"x":124,"y":161,"w":41,"h":37},
	"rotated": false,
	"trimmed": true,
	"spriteSourceSize": {"x":1,"y":0,"w":43,"h":39},
	"sourceSize": {"w":43,"h":39}
},
"entra_puerta instance 10010":
{
	"frame": {"x":166,"y":161,"w":39,"h":37},
	"rotated": false,
	"trimmed": true,
	"spriteSourceSize": {"x":3,"y":0,"w":43,"h":39},
	"sourceSize": {"w":43,"h":39}
},
"entra_puerta instance 10011":
{
	"frame": {"x":206,"y":161,"w":39,"h":38},
	"rotated": false,
	"trimmed": true,
	"spriteSourceSize": {"x":3,"y":0,"w":43,"h":39},
	"sourceSize": {"w":43,"h":39}
},
"entra_puerta instance 10012":
{
	"frame": {"x":246,"y":161,"w":39,"h":37},
	"rotated": false,
	"trimmed": true,
	"spriteSourceSize": {"x":3,"y":0,"w":43,"h":39},
	"sourceSize": {"w":43,"h":39}
},
"entra_puerta instance 10013":
{
	"frame": {"x":286,"y":161,"w":42,"h":39},
	"rotated": false,
	"trimmed": true,
	"spriteSourceSize": {"x":0,"y":0,"w":43,"h":39},
	"sourceSize": {"w":43,"h":39}
},
"entra_puerta instance 10014":
{
	"frame": {"x":329,"y":161,"w":42,"h":39},
	"rotated": false,
	"trimmed": true,
	"spriteSourceSize": {"x":0,"y":0,"w":43,"h":39},
	"sourceSize": {"w":43,"h":39}
},
"entra_puerta instance 10015":
{
	"frame": {"x":372,"y":161,"w":42,"h":39},
	"rotated": false,
	"trimmed": true,
	"spriteSourceSize": {"x":0,"y":0,"w":43,"h":39},
	"sourceSize": {"w":43,"h":39}
},
"entra_puerta instance 10016":
{
	"frame": {"x":415,"y":161,"w":42,"h":39},
	"rotated": false,
	"trimmed": true,
	"spriteSourceSize": {"x":0,"y":0,"w":43,"h":39},
	"sourceSize": {"w":43,"h":39}
},
"entra_puerta instance 10017":
{
	"frame": {"x":458,"y":161,"w":42,"h":39},
	"rotated": false,
	"trimmed": true,
	"spriteSourceSize": {"x":0,"y":0,"w":43,"h":39},
	"sourceSize": {"w":43,"h":39}
},
"entra_puerta instance 10018":
{
	"frame": {"x":1,"y":201,"w":42,"h":39},
	"rotated": false,
	"trimmed": true,
	"spriteSourceSize": {"x":0,"y":0,"w":43,"h":39},
	"sourceSize": {"w":43,"h":39}
},
"fallingDoubleJump0000":
{
	"frame": {"x":44,"y":201,"w":38,"h":35},
	"rotated": false,
	"trimmed": false,
	"spriteSourceSize": {"x":0,"y":0,"w":38,"h":35},
	"sourceSize": {"w":38,"h":35}
},
"fallingDoubleJump0001":
{
	"frame": {"x":83,"y":201,"w":38,"h":35},
	"rotated": false,
	"trimmed": false,
	"spriteSourceSize": {"x":0,"y":0,"w":38,"h":35},
	"sourceSize": {"w":38,"h":35}
},
"fallingDoubleJump0002":
{
	"frame": {"x":122,"y":201,"w":38,"h":35},
	"rotated": false,
	"trimmed": false,
	"spriteSourceSize": {"x":0,"y":0,"w":38,"h":35},
	"sourceSize": {"w":38,"h":35}
},
"fallingDoubleJump0003":
{
	"frame": {"x":161,"y":201,"w":38,"h":35},
	"rotated": false,
	"trimmed": false,
	"spriteSourceSize": {"x":0,"y":0,"w":38,"h":35},
	"sourceSize": {"w":38,"h":35}
},
"flying instance 10000":
{
	"frame": {"x":200,"y":201,"w":39,"h":38},
	"rotated": false,
	"trimmed": false,
	"spriteSourceSize": {"x":0,"y":0,"w":39,"h":38},
	"sourceSize": {"w":39,"h":38}
},
"idle20000":
{
	"frame": {"x":240,"y":201,"w":39,"h":35},
	"rotated": false,
	"trimmed": false,
	"spriteSourceSize": {"x":0,"y":0,"w":39,"h":35},
	"sourceSize": {"w":39,"h":35}
},
"idle20001":
{
	"frame": {"x":280,"y":201,"w":39,"h":35},
	"rotated": false,
	"trimmed": false,
	"spriteSourceSize": {"x":0,"y":0,"w":39,"h":35},
	"sourceSize": {"w":39,"h":35}
},
"idle20002":
{
	"frame": {"x":320,"y":201,"w":39,"h":35},
	"rotated": false,
	"trimmed": false,
	"spriteSourceSize": {"x":0,"y":0,"w":39,"h":35},
	"sourceSize": {"w":39,"h":35}
},
"idle20003":
{
	"frame": {"x":360,"y":201,"w":39,"h":35},
	"rotated": false,
	"trimmed": false,
	"spriteSourceSize": {"x":0,"y":0,"w":39,"h":35},
	"sourceSize": {"w":39,"h":35}
},
"idleDoublejump0000":
{
	"frame": {"x":400,"y":201,"w":39,"h":36},
	"rotated": false,
	"trimmed": false,
	"spriteSourceSize": {"x":0,"y":0,"w":39,"h":36},
	"sourceSize": {"w":39,"h":36}
},
"idleDoublejump0001":
{
	"frame": {"x":440,"y":201,"w":39,"h":36},
	"rotated": false,
	"trimmed": false,
	"spriteSourceSize": {"x":0,"y":0,"w":39,"h":36},
	"sourceSize": {"w":39,"h":36}
},
"idleDoublejump0002":
{
	"frame": {"x":1,"y":241,"w":39,"h":36},
	"rotated": false,
	"trimmed": false,
	"spriteSourceSize": {"x":0,"y":0,"w":39,"h":36},
	"sourceSize": {"w":39,"h":36}
},
"idleDoublejump0003":
{
	"frame": {"x":41,"y":241,"w":39,"h":36},
	"rotated": false,
	"trimmed": false,
	"spriteSourceSize": {"x":0,"y":0,"w":39,"h":36},
	"sourceSize": {"w":39,"h":36}
},
"idle_animation instance 10000":
{
	"frame": {"x":81,"y":241,"w":38,"h":36},
	"rotated": false,
	"trimmed": false,
	"spriteSourceSize": {"x":0,"y":0,"w":38,"h":36},
	"sourceSize": {"w":38,"h":36}
},
"idle_animation instance 10001":
{
	"frame": {"x":120,"y":241,"w":38,"h":36},
	"rotated": false,
	"trimmed": false,
	"spriteSourceSize": {"x":0,"y":0,"w":38,"h":36},
	"sourceSize": {"w":38,"h":36}
},
"idle_animation instance 10002":
{
	"frame": {"x":159,"y":241,"w":38,"h":36},
	"rotated": false,
	"trimmed": false,
	"spriteSourceSize": {"x":0,"y":0,"w":38,"h":36},
	"sourceSize": {"w":38,"h":36}
},
"idle_animation instance 10003":
{
	"frame": {"x":198,"y":241,"w":38,"h":36},
	"rotated": false,
	"trimmed": false,
	"spriteSourceSize": {"x":0,"y":0,"w":38,"h":36},
	"sourceSize": {"w":38,"h":36}
},
"jetpack0000":
{
	"frame": {"x":237,"y":241,"w":43,"h":43},
	"rotated": false,
	"trimmed": false,
	"spriteSourceSize": {"x":0,"y":0,"w":43,"h":43},
	"sourceSize": {"w":43,"h":43}
},
"jetpackWalk0000":
{
	"frame": {"x":281,"y":241,"w":42,"h":42},
	"rotated": false,
	"trimmed": false,
	"spriteSourceSize": {"x":0,"y":0,"w":42,"h":42},
	"sourceSize": {"w":42,"h":42}
},
"jetpackWalk0001":
{
	"frame": {"x":324,"y":241,"w":42,"h":42},
	"rotated": false,
	"trimmed": true,
	"spriteSourceSize": {"x":0,"y":0,"w":42,"h":42},
	"sourceSize": {"w":42,"h":42}
},
"puff0000":
{
	"frame": {"x":367,"y":241,"w":39,"h":35},
	"rotated": false,
	"trimmed": false,
	"spriteSourceSize": {"x":0,"y":0,"w":39,"h":35},
	"sourceSize": {"w":39,"h":35}
},
"puff0001":
{
	"frame": {"x":407,"y":241,"w":39,"h":35},
	"rotated": false,
	"trimmed": false,
	"spriteSourceSize": {"x":0,"y":0,"w":39,"h":35},
	"sourceSize": {"w":39,"h":35}
},
"puff0002":
{
	"frame": {"x":447,"y":241,"w":39,"h":35},
	"rotated": false,
	"trimmed": false,
	"spriteSourceSize": {"x":0,"y":0,"w":39,"h":35},
	"sourceSize": {"w":39,"h":35}
},
"rueda_animation instance 10000":
{
	"frame": {"x":1,"y":285,"w":38,"h":35},
	"rotated": false,
	"trimmed": false,
	"spriteSourceSize": {"x":0,"y":0,"w":38,"h":35},
	"sourceSize": {"w":38,"h":35}
},
"rueda_animation instance 10001":
{
	"frame": {"x":40,"y":285,"w":38,"h":35},
	"rotated": false,
	"trimmed": false,
	"spriteSourceSize": {"x":0,"y":0,"w":38,"h":35},
	"sourceSize": {"w":38,"h":35}
},
"supaRolling instance 10000":
{
	"frame": {"x":79,"y":285,"w":39,"h":35},
	"rotated": false,
	"trimmed": false,
	"spriteSourceSize": {"x":0,"y":0,"w":39,"h":35},
	"sourceSize": {"w":39,"h":35}
},
"supaRolling instance 10001":
{
	"frame": {"x":119,"y":285,"w":39,"h":35},
	"rotated": false,
	"trimmed": false,
	"spriteSourceSize": {"x":0,"y":0,"w":39,"h":35},
	"sourceSize": {"w":39,"h":35}
}},
"meta": {
	"app": "Adobe Animate",
	"version": "19.2.1.408",
	"image": "newSupaAnimations.png",
	"format": "RGBA8888",
	"size": {"w":512,"h":512},
	"scale": "1"
}
}
