﻿{"frames": {

"Aro de Luz instance 10000":
{
	"frame": {"x":1,"y":1,"w":46,"h":35},
	"rotated": false,
	"trimmed": false,
	"spriteSourceSize": {"x":0,"y":0,"w":46,"h":35},
	"sourceSize": {"w":46,"h":35}
},
"Aro de Luz instance 10001":
{
	"frame": {"x":48,"y":1,"w":46,"h":35},
	"rotated": false,
	"trimmed": false,
	"spriteSourceSize": {"x":0,"y":0,"w":46,"h":35},
	"sourceSize": {"w":46,"h":35}
},
"Aro de Luz instance 10002":
{
	"frame": {"x":95,"y":1,"w":46,"h":35},
	"rotated": false,
	"trimmed": false,
	"spriteSourceSize": {"x":0,"y":0,"w":46,"h":35},
	"sourceSize": {"w":46,"h":35}
},
"Aro de Luz instance 10003":
{
	"frame": {"x":142,"y":1,"w":46,"h":35},
	"rotated": false,
	"trimmed": false,
	"spriteSourceSize": {"x":0,"y":0,"w":46,"h":35},
	"sourceSize": {"w":46,"h":35}
},
"Aro de Luz instance 10004":
{
	"frame": {"x":189,"y":1,"w":46,"h":35},
	"rotated": false,
	"trimmed": false,
	"spriteSourceSize": {"x":0,"y":0,"w":46,"h":35},
	"sourceSize": {"w":46,"h":35}
},
"Aro de Luz instance 10005":
{
	"frame": {"x":236,"y":1,"w":46,"h":35},
	"rotated": false,
	"trimmed": false,
	"spriteSourceSize": {"x":0,"y":0,"w":46,"h":35},
	"sourceSize": {"w":46,"h":35}
},
"Aro de Luz instance 10006":
{
	"frame": {"x":283,"y":1,"w":46,"h":35},
	"rotated": false,
	"trimmed": false,
	"spriteSourceSize": {"x":0,"y":0,"w":46,"h":35},
	"sourceSize": {"w":46,"h":35}
},
"Aro de Luz instance 10007":
{
	"frame": {"x":330,"y":1,"w":46,"h":35},
	"rotated": false,
	"trimmed": false,
	"spriteSourceSize": {"x":0,"y":0,"w":46,"h":35},
	"sourceSize": {"w":46,"h":35}
},
"Aro de Luz instance 10008":
{
	"frame": {"x":377,"y":1,"w":46,"h":35},
	"rotated": false,
	"trimmed": false,
	"spriteSourceSize": {"x":0,"y":0,"w":46,"h":35},
	"sourceSize": {"w":46,"h":35}
},
"Aro de Luz instance 10009":
{
	"frame": {"x":424,"y":1,"w":46,"h":35},
	"rotated": false,
	"trimmed": false,
	"spriteSourceSize": {"x":0,"y":0,"w":46,"h":35},
	"sourceSize": {"w":46,"h":35}
},
"Aro de Luz instance 10010":
{
	"frame": {"x":471,"y":1,"w":46,"h":35},
	"rotated": false,
	"trimmed": false,
	"spriteSourceSize": {"x":0,"y":0,"w":46,"h":35},
	"sourceSize": {"w":46,"h":35}
},
"Aro de Luz instance 10011":
{
	"frame": {"x":518,"y":1,"w":46,"h":35},
	"rotated": false,
	"trimmed": false,
	"spriteSourceSize": {"x":0,"y":0,"w":46,"h":35},
	"sourceSize": {"w":46,"h":35}
},
"Aro de Luz instance 10012":
{
	"frame": {"x":565,"y":1,"w":46,"h":35},
	"rotated": false,
	"trimmed": false,
	"spriteSourceSize": {"x":0,"y":0,"w":46,"h":35},
	"sourceSize": {"w":46,"h":35}
},
"Aro de Luz instance 10013":
{
	"frame": {"x":612,"y":1,"w":46,"h":35},
	"rotated": false,
	"trimmed": false,
	"spriteSourceSize": {"x":0,"y":0,"w":46,"h":35},
	"sourceSize": {"w":46,"h":35}
},
"Aro de Luz instance 10014":
{
	"frame": {"x":659,"y":1,"w":46,"h":35},
	"rotated": false,
	"trimmed": false,
	"spriteSourceSize": {"x":0,"y":0,"w":46,"h":35},
	"sourceSize": {"w":46,"h":35}
},
"Aro de Luz instance 10015":
{
	"frame": {"x":706,"y":1,"w":46,"h":35},
	"rotated": false,
	"trimmed": false,
	"spriteSourceSize": {"x":0,"y":0,"w":46,"h":35},
	"sourceSize": {"w":46,"h":35}
},
"Aro de Luz instance 10016":
{
	"frame": {"x":753,"y":1,"w":46,"h":35},
	"rotated": false,
	"trimmed": false,
	"spriteSourceSize": {"x":0,"y":0,"w":46,"h":35},
	"sourceSize": {"w":46,"h":35}
},
"Aro de Luz instance 10017":
{
	"frame": {"x":800,"y":1,"w":46,"h":35},
	"rotated": false,
	"trimmed": false,
	"spriteSourceSize": {"x":0,"y":0,"w":46,"h":35},
	"sourceSize": {"w":46,"h":35}
},
"Aro de Luz instance 10018":
{
	"frame": {"x":847,"y":1,"w":46,"h":35},
	"rotated": false,
	"trimmed": false,
	"spriteSourceSize": {"x":0,"y":0,"w":46,"h":35},
	"sourceSize": {"w":46,"h":35}
},
"Aro de Luz instance 10019":
{
	"frame": {"x":894,"y":1,"w":46,"h":35},
	"rotated": false,
	"trimmed": false,
	"spriteSourceSize": {"x":0,"y":0,"w":46,"h":35},
	"sourceSize": {"w":46,"h":35}
},
"Aro de Luz instance 10020":
{
	"frame": {"x":941,"y":1,"w":46,"h":35},
	"rotated": false,
	"trimmed": false,
	"spriteSourceSize": {"x":0,"y":0,"w":46,"h":35},
	"sourceSize": {"w":46,"h":35}
},
"Aro de Luz instance 10021":
{
	"frame": {"x":988,"y":1,"w":46,"h":35},
	"rotated": false,
	"trimmed": false,
	"spriteSourceSize": {"x":0,"y":0,"w":46,"h":35},
	"sourceSize": {"w":46,"h":35}
},
"Aro de Luz instance 10022":
{
	"frame": {"x":1035,"y":1,"w":46,"h":35},
	"rotated": false,
	"trimmed": false,
	"spriteSourceSize": {"x":0,"y":0,"w":46,"h":35},
	"sourceSize": {"w":46,"h":35}
},
"Aro de Luz instance 10023":
{
	"frame": {"x":1082,"y":1,"w":46,"h":35},
	"rotated": false,
	"trimmed": false,
	"spriteSourceSize": {"x":0,"y":0,"w":46,"h":35},
	"sourceSize": {"w":46,"h":35}
},
"Aro de Luz instance 10024":
{
	"frame": {"x":1129,"y":1,"w":46,"h":35},
	"rotated": false,
	"trimmed": false,
	"spriteSourceSize": {"x":0,"y":0,"w":46,"h":35},
	"sourceSize": {"w":46,"h":35}
},
"Aro de Luz instance 10025":
{
	"frame": {"x":1176,"y":1,"w":46,"h":35},
	"rotated": false,
	"trimmed": false,
	"spriteSourceSize": {"x":0,"y":0,"w":46,"h":35},
	"sourceSize": {"w":46,"h":35}
},
"Aro de Luz instance 10026":
{
	"frame": {"x":1223,"y":1,"w":46,"h":35},
	"rotated": false,
	"trimmed": false,
	"spriteSourceSize": {"x":0,"y":0,"w":46,"h":35},
	"sourceSize": {"w":46,"h":35}
},
"Aro de Luz instance 10027":
{
	"frame": {"x":1270,"y":1,"w":46,"h":35},
	"rotated": false,
	"trimmed": false,
	"spriteSourceSize": {"x":0,"y":0,"w":46,"h":35},
	"sourceSize": {"w":46,"h":35}
},
"Aro de Luz instance 10028":
{
	"frame": {"x":1317,"y":1,"w":46,"h":35},
	"rotated": false,
	"trimmed": false,
	"spriteSourceSize": {"x":0,"y":0,"w":46,"h":35},
	"sourceSize": {"w":46,"h":35}
},
"Aro de Luz instance 10029":
{
	"frame": {"x":1364,"y":1,"w":46,"h":35},
	"rotated": false,
	"trimmed": false,
	"spriteSourceSize": {"x":0,"y":0,"w":46,"h":35},
	"sourceSize": {"w":46,"h":35}
},
"Aro de Luz instance 10030":
{
	"frame": {"x":1411,"y":1,"w":46,"h":35},
	"rotated": false,
	"trimmed": false,
	"spriteSourceSize": {"x":0,"y":0,"w":46,"h":35},
	"sourceSize": {"w":46,"h":35}
},
"Aro de Luz instance 10031":
{
	"frame": {"x":1458,"y":1,"w":46,"h":35},
	"rotated": false,
	"trimmed": false,
	"spriteSourceSize": {"x":0,"y":0,"w":46,"h":35},
	"sourceSize": {"w":46,"h":35}
},
"Aro de Luz instance 10032":
{
	"frame": {"x":1505,"y":1,"w":46,"h":35},
	"rotated": false,
	"trimmed": false,
	"spriteSourceSize": {"x":0,"y":0,"w":46,"h":35},
	"sourceSize": {"w":46,"h":35}
},
"Aro de Luz instance 10033":
{
	"frame": {"x":1552,"y":1,"w":46,"h":35},
	"rotated": false,
	"trimmed": false,
	"spriteSourceSize": {"x":0,"y":0,"w":46,"h":35},
	"sourceSize": {"w":46,"h":35}
},
"Aro de Luz instance 10034":
{
	"frame": {"x":1599,"y":1,"w":46,"h":35},
	"rotated": false,
	"trimmed": false,
	"spriteSourceSize": {"x":0,"y":0,"w":46,"h":35},
	"sourceSize": {"w":46,"h":35}
},
"Aro de Luz instance 10035":
{
	"frame": {"x":1646,"y":1,"w":46,"h":35},
	"rotated": false,
	"trimmed": false,
	"spriteSourceSize": {"x":0,"y":0,"w":46,"h":35},
	"sourceSize": {"w":46,"h":35}
},
"Aro de Luz instance 10036":
{
	"frame": {"x":1693,"y":1,"w":46,"h":35},
	"rotated": false,
	"trimmed": false,
	"spriteSourceSize": {"x":0,"y":0,"w":46,"h":35},
	"sourceSize": {"w":46,"h":35}
},
"Aro de Luz instance 10037":
{
	"frame": {"x":1740,"y":1,"w":46,"h":35},
	"rotated": false,
	"trimmed": false,
	"spriteSourceSize": {"x":0,"y":0,"w":46,"h":35},
	"sourceSize": {"w":46,"h":35}
},
"Aro de Luz instance 10038":
{
	"frame": {"x":1787,"y":1,"w":46,"h":35},
	"rotated": false,
	"trimmed": false,
	"spriteSourceSize": {"x":0,"y":0,"w":46,"h":35},
	"sourceSize": {"w":46,"h":35}
},
"Aro de Luz instance 10039":
{
	"frame": {"x":1834,"y":1,"w":46,"h":35},
	"rotated": false,
	"trimmed": false,
	"spriteSourceSize": {"x":0,"y":0,"w":46,"h":35},
	"sourceSize": {"w":46,"h":35}
},
"Aro de Luz instance 10040":
{
	"frame": {"x":1881,"y":1,"w":46,"h":35},
	"rotated": false,
	"trimmed": false,
	"spriteSourceSize": {"x":0,"y":0,"w":46,"h":35},
	"sourceSize": {"w":46,"h":35}
},
"ArrowStrike0000":
{
	"frame": {"x":1928,"y":1,"w":47,"h":57},
	"rotated": false,
	"trimmed": false,
	"spriteSourceSize": {"x":0,"y":0,"w":47,"h":57},
	"sourceSize": {"w":47,"h":57}
},
"CORAZON 2.ai instance 10000":
{
	"frame": {"x":1976,"y":1,"w":56,"h":50},
	"rotated": false,
	"trimmed": true,
	"spriteSourceSize": {"x":0,"y":0,"w":56,"h":50},
	"sourceSize": {"w":56,"h":50}
},
"CORAZON 2.ai instance 10001":
{
	"frame": {"x":1,"y":59,"w":56,"h":50},
	"rotated": false,
	"trimmed": true,
	"spriteSourceSize": {"x":0,"y":0,"w":56,"h":50},
	"sourceSize": {"w":56,"h":50}
},
"CORAZON 2.ai instance 10002":
{
	"frame": {"x":58,"y":59,"w":56,"h":50},
	"rotated": false,
	"trimmed": true,
	"spriteSourceSize": {"x":0,"y":0,"w":56,"h":50},
	"sourceSize": {"w":56,"h":50}
},
"CORAZON 2.ai instance 10003":
{
	"frame": {"x":115,"y":59,"w":56,"h":50},
	"rotated": false,
	"trimmed": false,
	"spriteSourceSize": {"x":0,"y":0,"w":56,"h":50},
	"sourceSize": {"w":56,"h":50}
},
"CORAZON 2.ai instance 10004":
{
	"frame": {"x":172,"y":59,"w":56,"h":50},
	"rotated": false,
	"trimmed": true,
	"spriteSourceSize": {"x":0,"y":0,"w":56,"h":50},
	"sourceSize": {"w":56,"h":50}
},
"CORAZON 2.ai instance 10005":
{
	"frame": {"x":229,"y":59,"w":56,"h":50},
	"rotated": false,
	"trimmed": true,
	"spriteSourceSize": {"x":0,"y":0,"w":56,"h":50},
	"sourceSize": {"w":56,"h":50}
},
"Dedito instance 10000":
{
	"frame": {"x":286,"y":59,"w":47,"h":51},
	"rotated": false,
	"trimmed": false,
	"spriteSourceSize": {"x":0,"y":0,"w":47,"h":51},
	"sourceSize": {"w":47,"h":51}
},
"Dedito instance 10001":
{
	"frame": {"x":334,"y":59,"w":47,"h":51},
	"rotated": false,
	"trimmed": false,
	"spriteSourceSize": {"x":0,"y":0,"w":47,"h":51},
	"sourceSize": {"w":47,"h":51}
},
"Dedito instance 10002":
{
	"frame": {"x":382,"y":59,"w":47,"h":51},
	"rotated": false,
	"trimmed": false,
	"spriteSourceSize": {"x":0,"y":0,"w":47,"h":51},
	"sourceSize": {"w":47,"h":51}
},
"Dedito instance 10003":
{
	"frame": {"x":430,"y":59,"w":47,"h":51},
	"rotated": false,
	"trimmed": false,
	"spriteSourceSize": {"x":0,"y":0,"w":47,"h":51},
	"sourceSize": {"w":47,"h":51}
},
"Symbol 10 instance 10000":
{
	"frame": {"x":478,"y":59,"w":113,"h":37},
	"rotated": false,
	"trimmed": false,
	"spriteSourceSize": {"x":0,"y":0,"w":113,"h":37},
	"sourceSize": {"w":113,"h":37}
},
"Symbol 11 instance 10000":
{
	"frame": {"x":592,"y":59,"w":66,"h":66},
	"rotated": false,
	"trimmed": true,
	"spriteSourceSize": {"x":3,"y":0,"w":74,"h":74},
	"sourceSize": {"w":74,"h":74}
},
"Symbol 11 instance 10001":
{
	"frame": {"x":659,"y":59,"w":68,"h":68},
	"rotated": false,
	"trimmed": true,
	"spriteSourceSize": {"x":4,"y":1,"w":74,"h":74},
	"sourceSize": {"w":74,"h":74}
},
"Symbol 11 instance 10002":
{
	"frame": {"x":728,"y":59,"w":71,"h":71},
	"rotated": false,
	"trimmed": true,
	"spriteSourceSize": {"x":0,"y":0,"w":74,"h":74},
	"sourceSize": {"w":74,"h":74}
},
"Symbol 11 instance 10003":
{
	"frame": {"x":800,"y":59,"w":73,"h":73},
	"rotated": false,
	"trimmed": true,
	"spriteSourceSize": {"x":1,"y":1,"w":74,"h":74},
	"sourceSize": {"w":74,"h":74}
},
"Symbol 11 instance 10004":
{
	"frame": {"x":874,"y":59,"w":71,"h":70},
	"rotated": false,
	"trimmed": true,
	"spriteSourceSize": {"x":0,"y":1,"w":74,"h":74},
	"sourceSize": {"w":74,"h":74}
},
"Symbol 11 instance 10005":
{
	"frame": {"x":946,"y":59,"w":68,"h":68},
	"rotated": false,
	"trimmed": true,
	"spriteSourceSize": {"x":4,"y":1,"w":74,"h":74},
	"sourceSize": {"w":74,"h":74}
},
"Symbol 12 instance 10000":
{
	"frame": {"x":1015,"y":59,"w":52,"h":54},
	"rotated": false,
	"trimmed": false,
	"spriteSourceSize": {"x":0,"y":0,"w":52,"h":54},
	"sourceSize": {"w":52,"h":54}
},
"Symbol 16 instance 10000":
{
	"frame": {"x":1068,"y":59,"w":66,"h":66},
	"rotated": false,
	"trimmed": false,
	"spriteSourceSize": {"x":0,"y":0,"w":66,"h":66},
	"sourceSize": {"w":66,"h":66}
},
"Symbol 16 instance 10001":
{
	"frame": {"x":1135,"y":59,"w":66,"h":66},
	"rotated": false,
	"trimmed": false,
	"spriteSourceSize": {"x":0,"y":0,"w":66,"h":66},
	"sourceSize": {"w":66,"h":66}
},
"Symbol 16 instance 10002":
{
	"frame": {"x":1202,"y":59,"w":66,"h":66},
	"rotated": false,
	"trimmed": false,
	"spriteSourceSize": {"x":0,"y":0,"w":66,"h":66},
	"sourceSize": {"w":66,"h":66}
},
"Symbol 16 instance 10003":
{
	"frame": {"x":1269,"y":59,"w":66,"h":66},
	"rotated": false,
	"trimmed": false,
	"spriteSourceSize": {"x":0,"y":0,"w":66,"h":66},
	"sourceSize": {"w":66,"h":66}
},
"Symbol 16 instance 10004":
{
	"frame": {"x":1336,"y":59,"w":66,"h":66},
	"rotated": false,
	"trimmed": false,
	"spriteSourceSize": {"x":0,"y":0,"w":66,"h":66},
	"sourceSize": {"w":66,"h":66}
},
"Symbol 16 instance 10005":
{
	"frame": {"x":1403,"y":59,"w":66,"h":66},
	"rotated": false,
	"trimmed": false,
	"spriteSourceSize": {"x":0,"y":0,"w":66,"h":66},
	"sourceSize": {"w":66,"h":66}
},
"Symbol 16 instance 10006":
{
	"frame": {"x":1470,"y":59,"w":66,"h":66},
	"rotated": false,
	"trimmed": false,
	"spriteSourceSize": {"x":0,"y":0,"w":66,"h":66},
	"sourceSize": {"w":66,"h":66}
},
"Symbol 16 instance 10007":
{
	"frame": {"x":1537,"y":59,"w":66,"h":66},
	"rotated": false,
	"trimmed": false,
	"spriteSourceSize": {"x":0,"y":0,"w":66,"h":66},
	"sourceSize": {"w":66,"h":66}
},
"Symbol 16 instance 10008":
{
	"frame": {"x":1604,"y":59,"w":66,"h":66},
	"rotated": false,
	"trimmed": false,
	"spriteSourceSize": {"x":0,"y":0,"w":66,"h":66},
	"sourceSize": {"w":66,"h":66}
},
"Symbol 16 instance 10009":
{
	"frame": {"x":1671,"y":59,"w":66,"h":66},
	"rotated": false,
	"trimmed": false,
	"spriteSourceSize": {"x":0,"y":0,"w":66,"h":66},
	"sourceSize": {"w":66,"h":66}
},
"Symbol 16 instance 10010":
{
	"frame": {"x":1738,"y":59,"w":66,"h":66},
	"rotated": false,
	"trimmed": false,
	"spriteSourceSize": {"x":0,"y":0,"w":66,"h":66},
	"sourceSize": {"w":66,"h":66}
},
"Symbol 16 instance 10011":
{
	"frame": {"x":1805,"y":59,"w":66,"h":66},
	"rotated": false,
	"trimmed": false,
	"spriteSourceSize": {"x":0,"y":0,"w":66,"h":66},
	"sourceSize": {"w":66,"h":66}
},
"Symbol 16 instance 10012":
{
	"frame": {"x":1872,"y":59,"w":66,"h":66},
	"rotated": false,
	"trimmed": false,
	"spriteSourceSize": {"x":0,"y":0,"w":66,"h":66},
	"sourceSize": {"w":66,"h":66}
},
"Symbol 16 instance 10013":
{
	"frame": {"x":1939,"y":59,"w":66,"h":66},
	"rotated": false,
	"trimmed": false,
	"spriteSourceSize": {"x":0,"y":0,"w":66,"h":66},
	"sourceSize": {"w":66,"h":66}
},
"Symbol 16 instance 10014":
{
	"frame": {"x":1,"y":133,"w":66,"h":66},
	"rotated": false,
	"trimmed": false,
	"spriteSourceSize": {"x":0,"y":0,"w":66,"h":66},
	"sourceSize": {"w":66,"h":66}
},
"Symbol 16 instance 10015":
{
	"frame": {"x":68,"y":133,"w":66,"h":66},
	"rotated": false,
	"trimmed": false,
	"spriteSourceSize": {"x":0,"y":0,"w":66,"h":66},
	"sourceSize": {"w":66,"h":66}
},
"Symbol 16 instance 10016":
{
	"frame": {"x":135,"y":133,"w":66,"h":66},
	"rotated": false,
	"trimmed": false,
	"spriteSourceSize": {"x":0,"y":0,"w":66,"h":66},
	"sourceSize": {"w":66,"h":66}
},
"Symbol 16 instance 10017":
{
	"frame": {"x":202,"y":133,"w":66,"h":66},
	"rotated": false,
	"trimmed": false,
	"spriteSourceSize": {"x":0,"y":0,"w":66,"h":66},
	"sourceSize": {"w":66,"h":66}
},
"Symbol 16 instance 10018":
{
	"frame": {"x":269,"y":133,"w":66,"h":66},
	"rotated": false,
	"trimmed": false,
	"spriteSourceSize": {"x":0,"y":0,"w":66,"h":66},
	"sourceSize": {"w":66,"h":66}
},
"Symbol 16 instance 10019":
{
	"frame": {"x":336,"y":133,"w":66,"h":66},
	"rotated": false,
	"trimmed": false,
	"spriteSourceSize": {"x":0,"y":0,"w":66,"h":66},
	"sourceSize": {"w":66,"h":66}
},
"Symbol 16 instance 10020":
{
	"frame": {"x":403,"y":133,"w":66,"h":66},
	"rotated": false,
	"trimmed": false,
	"spriteSourceSize": {"x":0,"y":0,"w":66,"h":66},
	"sourceSize": {"w":66,"h":66}
},
"Symbol 16 instance 10021":
{
	"frame": {"x":470,"y":133,"w":66,"h":66},
	"rotated": false,
	"trimmed": false,
	"spriteSourceSize": {"x":0,"y":0,"w":66,"h":66},
	"sourceSize": {"w":66,"h":66}
},
"Symbol 16 instance 10022":
{
	"frame": {"x":537,"y":133,"w":66,"h":66},
	"rotated": false,
	"trimmed": false,
	"spriteSourceSize": {"x":0,"y":0,"w":66,"h":66},
	"sourceSize": {"w":66,"h":66}
},
"Symbol 16 instance 10023":
{
	"frame": {"x":604,"y":133,"w":66,"h":66},
	"rotated": false,
	"trimmed": false,
	"spriteSourceSize": {"x":0,"y":0,"w":66,"h":66},
	"sourceSize": {"w":66,"h":66}
},
"Symbol 16 instance 10024":
{
	"frame": {"x":671,"y":133,"w":66,"h":66},
	"rotated": false,
	"trimmed": false,
	"spriteSourceSize": {"x":0,"y":0,"w":66,"h":66},
	"sourceSize": {"w":66,"h":66}
},
"Symbol 16 instance 10025":
{
	"frame": {"x":738,"y":133,"w":66,"h":66},
	"rotated": false,
	"trimmed": false,
	"spriteSourceSize": {"x":0,"y":0,"w":66,"h":66},
	"sourceSize": {"w":66,"h":66}
},
"Symbol 16 instance 10026":
{
	"frame": {"x":805,"y":133,"w":66,"h":66},
	"rotated": false,
	"trimmed": false,
	"spriteSourceSize": {"x":0,"y":0,"w":66,"h":66},
	"sourceSize": {"w":66,"h":66}
},
"Symbol 16 instance 10027":
{
	"frame": {"x":872,"y":133,"w":66,"h":66},
	"rotated": false,
	"trimmed": false,
	"spriteSourceSize": {"x":0,"y":0,"w":66,"h":66},
	"sourceSize": {"w":66,"h":66}
},
"Symbol 16 instance 10028":
{
	"frame": {"x":939,"y":133,"w":66,"h":66},
	"rotated": false,
	"trimmed": false,
	"spriteSourceSize": {"x":0,"y":0,"w":66,"h":66},
	"sourceSize": {"w":66,"h":66}
},
"Symbol 16 instance 10029":
{
	"frame": {"x":1006,"y":133,"w":66,"h":66},
	"rotated": false,
	"trimmed": false,
	"spriteSourceSize": {"x":0,"y":0,"w":66,"h":66},
	"sourceSize": {"w":66,"h":66}
},
"Symbol 16 instance 10030":
{
	"frame": {"x":1073,"y":133,"w":66,"h":66},
	"rotated": false,
	"trimmed": false,
	"spriteSourceSize": {"x":0,"y":0,"w":66,"h":66},
	"sourceSize": {"w":66,"h":66}
},
"Symbol 16 instance 10031":
{
	"frame": {"x":1140,"y":133,"w":66,"h":66},
	"rotated": false,
	"trimmed": false,
	"spriteSourceSize": {"x":0,"y":0,"w":66,"h":66},
	"sourceSize": {"w":66,"h":66}
},
"Symbol 16 instance 10032":
{
	"frame": {"x":1207,"y":133,"w":66,"h":66},
	"rotated": false,
	"trimmed": false,
	"spriteSourceSize": {"x":0,"y":0,"w":66,"h":66},
	"sourceSize": {"w":66,"h":66}
},
"Symbol 16 instance 10033":
{
	"frame": {"x":1274,"y":133,"w":66,"h":66},
	"rotated": false,
	"trimmed": false,
	"spriteSourceSize": {"x":0,"y":0,"w":66,"h":66},
	"sourceSize": {"w":66,"h":66}
},
"Symbol 16 instance 10034":
{
	"frame": {"x":1341,"y":133,"w":66,"h":66},
	"rotated": false,
	"trimmed": false,
	"spriteSourceSize": {"x":0,"y":0,"w":66,"h":66},
	"sourceSize": {"w":66,"h":66}
},
"Symbol 18 instance 10000":
{
	"frame": {"x":1408,"y":133,"w":23,"h":68},
	"rotated": false,
	"trimmed": false,
	"spriteSourceSize": {"x":0,"y":0,"w":23,"h":68},
	"sourceSize": {"w":23,"h":68}
},
"Symbol 19 instance 10000":
{
	"frame": {"x":1432,"y":133,"w":30,"h":68},
	"rotated": false,
	"trimmed": false,
	"spriteSourceSize": {"x":0,"y":0,"w":30,"h":68},
	"sourceSize": {"w":30,"h":68}
},
"Symbol 20 instance 10000":
{
	"frame": {"x":1463,"y":133,"w":32,"h":68},
	"rotated": false,
	"trimmed": false,
	"spriteSourceSize": {"x":0,"y":0,"w":32,"h":68},
	"sourceSize": {"w":32,"h":68}
},
"Symbol 21 instance 10000":
{
	"frame": {"x":1496,"y":133,"w":30,"h":68},
	"rotated": false,
	"trimmed": false,
	"spriteSourceSize": {"x":0,"y":0,"w":30,"h":68},
	"sourceSize": {"w":30,"h":68}
},
"Symbol 22 instance 10000":
{
	"frame": {"x":1527,"y":133,"w":32,"h":68},
	"rotated": false,
	"trimmed": false,
	"spriteSourceSize": {"x":0,"y":0,"w":32,"h":68},
	"sourceSize": {"w":32,"h":68}
},
"Symbol 23 instance 10000":
{
	"frame": {"x":1560,"y":133,"w":32,"h":68},
	"rotated": false,
	"trimmed": false,
	"spriteSourceSize": {"x":0,"y":0,"w":32,"h":68},
	"sourceSize": {"w":32,"h":68}
},
"Symbol 24 instance 10000":
{
	"frame": {"x":1593,"y":133,"w":24,"h":68},
	"rotated": false,
	"trimmed": false,
	"spriteSourceSize": {"x":0,"y":0,"w":24,"h":68},
	"sourceSize": {"w":24,"h":68}
},
"Symbol 25 instance 10000":
{
	"frame": {"x":1618,"y":133,"w":32,"h":68},
	"rotated": false,
	"trimmed": false,
	"spriteSourceSize": {"x":0,"y":0,"w":32,"h":68},
	"sourceSize": {"w":32,"h":68}
},
"Symbol 26 instance 10000":
{
	"frame": {"x":1651,"y":133,"w":33,"h":68},
	"rotated": false,
	"trimmed": false,
	"spriteSourceSize": {"x":0,"y":0,"w":33,"h":68},
	"sourceSize": {"w":33,"h":68}
},
"Symbol 27 instance 10000":
{
	"frame": {"x":1685,"y":133,"w":32,"h":68},
	"rotated": false,
	"trimmed": false,
	"spriteSourceSize": {"x":0,"y":0,"w":32,"h":68},
	"sourceSize": {"w":32,"h":68}
},
"Symbol 30 instance 10000":
{
	"frame": {"x":1718,"y":133,"w":27,"h":38},
	"rotated": false,
	"trimmed": false,
	"spriteSourceSize": {"x":0,"y":0,"w":27,"h":38},
	"sourceSize": {"w":27,"h":38}
},
"Symbol 30 instance 20000":
{
	"frame": {"x":1746,"y":133,"w":27,"h":38},
	"rotated": false,
	"trimmed": false,
	"spriteSourceSize": {"x":0,"y":0,"w":27,"h":38},
	"sourceSize": {"w":27,"h":38}
},
"Symbol 31 instance 10000":
{
	"frame": {"x":1774,"y":133,"w":82,"h":78},
	"rotated": false,
	"trimmed": false,
	"spriteSourceSize": {"x":0,"y":0,"w":82,"h":78},
	"sourceSize": {"w":82,"h":78}
},
"Symbol 32 instance 10000":
{
	"frame": {"x":1857,"y":133,"w":82,"h":78},
	"rotated": false,
	"trimmed": false,
	"spriteSourceSize": {"x":0,"y":0,"w":82,"h":78},
	"sourceSize": {"w":82,"h":78}
},
"Symbol 7 instance 10000":
{
	"frame": {"x":1940,"y":133,"w":65,"h":87},
	"rotated": false,
	"trimmed": false,
	"spriteSourceSize": {"x":0,"y":0,"w":65,"h":87},
	"sourceSize": {"w":65,"h":87}
},
"Symbol 7 instance 10001":
{
	"frame": {"x":1,"y":221,"w":65,"h":87},
	"rotated": false,
	"trimmed": false,
	"spriteSourceSize": {"x":0,"y":0,"w":65,"h":87},
	"sourceSize": {"w":65,"h":87}
},
"Symbol 7 instance 10002":
{
	"frame": {"x":67,"y":221,"w":65,"h":87},
	"rotated": false,
	"trimmed": false,
	"spriteSourceSize": {"x":0,"y":0,"w":65,"h":87},
	"sourceSize": {"w":65,"h":87}
},
"Symbol 7 instance 10003":
{
	"frame": {"x":133,"y":221,"w":65,"h":87},
	"rotated": false,
	"trimmed": false,
	"spriteSourceSize": {"x":0,"y":0,"w":65,"h":87},
	"sourceSize": {"w":65,"h":87}
},
"Symbol 7 instance 10004":
{
	"frame": {"x":199,"y":221,"w":65,"h":87},
	"rotated": false,
	"trimmed": false,
	"spriteSourceSize": {"x":0,"y":0,"w":65,"h":87},
	"sourceSize": {"w":65,"h":87}
},
"Symbol 9 instance 10000":
{
	"frame": {"x":265,"y":221,"w":113,"h":38},
	"rotated": false,
	"trimmed": false,
	"spriteSourceSize": {"x":0,"y":0,"w":113,"h":38},
	"sourceSize": {"w":113,"h":38}
},
"a instance 10000":
{
	"frame": {"x":379,"y":221,"w":17,"h":38},
	"rotated": false,
	"trimmed": false,
	"spriteSourceSize": {"x":0,"y":0,"w":17,"h":38},
	"sourceSize": {"w":17,"h":38}
},
"b instance 10000":
{
	"frame": {"x":397,"y":221,"w":19,"h":38},
	"rotated": false,
	"trimmed": false,
	"spriteSourceSize": {"x":0,"y":0,"w":19,"h":38},
	"sourceSize": {"w":19,"h":38}
},
"boubleJumpBuy0000":
{
	"frame": {"x":417,"y":221,"w":47,"h":57},
	"rotated": false,
	"trimmed": false,
	"spriteSourceSize": {"x":0,"y":0,"w":47,"h":57},
	"sourceSize": {"w":47,"h":57}
},
"c instance 10000":
{
	"frame": {"x":465,"y":221,"w":19,"h":38},
	"rotated": false,
	"trimmed": false,
	"spriteSourceSize": {"x":0,"y":0,"w":19,"h":38},
	"sourceSize": {"w":19,"h":38}
},
"cannon realay instance 10000":
{
	"frame": {"x":485,"y":221,"w":90,"h":79},
	"rotated": false,
	"trimmed": false,
	"spriteSourceSize": {"x":0,"y":0,"w":90,"h":79},
	"sourceSize": {"w":90,"h":79}
},
"catapulta copy 2 instance 10000":
{
	"frame": {"x":576,"y":221,"w":61,"h":51},
	"rotated": false,
	"trimmed": true,
	"spriteSourceSize": {"x":0,"y":1,"w":61,"h":52},
	"sourceSize": {"w":61,"h":52}
},
"catapulta copy 2 instance 10001":
{
	"frame": {"x":638,"y":221,"w":61,"h":52},
	"rotated": false,
	"trimmed": false,
	"spriteSourceSize": {"x":0,"y":0,"w":61,"h":52},
	"sourceSize": {"w":61,"h":52}
},
"catpultaOff instance 10000":
{
	"frame": {"x":700,"y":221,"w":63,"h":54},
	"rotated": false,
	"trimmed": false,
	"spriteSourceSize": {"x":0,"y":0,"w":63,"h":54},
	"sourceSize": {"w":63,"h":54}
},
"catpultaOff instance 10001":
{
	"frame": {"x":764,"y":221,"w":63,"h":31},
	"rotated": false,
	"trimmed": true,
	"spriteSourceSize": {"x":0,"y":23,"w":63,"h":54},
	"sourceSize": {"w":63,"h":54}
},
"d instance 10000":
{
	"frame": {"x":828,"y":221,"w":19,"h":38},
	"rotated": false,
	"trimmed": false,
	"spriteSourceSize": {"x":0,"y":0,"w":19,"h":38},
	"sourceSize": {"w":19,"h":38}
},
"damagedDoor instance 10000":
{
	"frame": {"x":848,"y":221,"w":84,"h":129},
	"rotated": false,
	"trimmed": false,
	"spriteSourceSize": {"x":0,"y":0,"w":84,"h":129},
	"sourceSize": {"w":84,"h":129}
},
"doubleJumpBtn0000":
{
	"frame": {"x":933,"y":221,"w":52,"h":54},
	"rotated": false,
	"trimmed": false,
	"spriteSourceSize": {"x":0,"y":0,"w":52,"h":54},
	"sourceSize": {"w":52,"h":54}
},
"e instance 10000":
{
	"frame": {"x":986,"y":221,"w":14,"h":38},
	"rotated": false,
	"trimmed": false,
	"spriteSourceSize": {"x":0,"y":0,"w":14,"h":38},
	"sourceSize": {"w":14,"h":38}
},
"enemyCreator instance 10000":
{
	"frame": {"x":1001,"y":221,"w":63,"h":56},
	"rotated": false,
	"trimmed": false,
	"spriteSourceSize": {"x":0,"y":0,"w":63,"h":56},
	"sourceSize": {"w":63,"h":56}
},
"enemyCreator instance 10001":
{
	"frame": {"x":1065,"y":221,"w":63,"h":44},
	"rotated": false,
	"trimmed": true,
	"spriteSourceSize": {"x":0,"y":0,"w":63,"h":56},
	"sourceSize": {"w":63,"h":56}
},
"enemyCreator instance 10002":
{
	"frame": {"x":1129,"y":221,"w":63,"h":33},
	"rotated": false,
	"trimmed": true,
	"spriteSourceSize": {"x":0,"y":0,"w":63,"h":56},
	"sourceSize": {"w":63,"h":56}
},
"enemyCreator instance 10003":
{
	"frame": {"x":1193,"y":221,"w":63,"h":21},
	"rotated": false,
	"trimmed": true,
	"spriteSourceSize": {"x":0,"y":0,"w":63,"h":56},
	"sourceSize": {"w":63,"h":56}
},
"enemyCreator instance 10004":
{
	"frame": {"x":1257,"y":221,"w":63,"h":10},
	"rotated": false,
	"trimmed": true,
	"spriteSourceSize": {"x":0,"y":0,"w":63,"h":56},
	"sourceSize": {"w":63,"h":56}
},
"energy_station instance 10000":
{
	"frame": {"x":1321,"y":221,"w":65,"h":87},
	"rotated": false,
	"trimmed": false,
	"spriteSourceSize": {"x":0,"y":0,"w":65,"h":87},
	"sourceSize": {"w":65,"h":87}
},
"energy_station instance 10001":
{
	"frame": {"x":1387,"y":221,"w":65,"h":87},
	"rotated": false,
	"trimmed": false,
	"spriteSourceSize": {"x":0,"y":0,"w":65,"h":87},
	"sourceSize": {"w":65,"h":87}
},
"energy_station instance 10002":
{
	"frame": {"x":1453,"y":221,"w":65,"h":87},
	"rotated": false,
	"trimmed": false,
	"spriteSourceSize": {"x":0,"y":0,"w":65,"h":87},
	"sourceSize": {"w":65,"h":87}
},
"energy_station instance 10003":
{
	"frame": {"x":1519,"y":221,"w":65,"h":87},
	"rotated": false,
	"trimmed": false,
	"spriteSourceSize": {"x":0,"y":0,"w":65,"h":87},
	"sourceSize": {"w":65,"h":87}
},
"exitJetPack instance 10000":
{
	"frame": {"x":1585,"y":221,"w":52,"h":55},
	"rotated": false,
	"trimmed": false,
	"spriteSourceSize": {"x":0,"y":0,"w":52,"h":55},
	"sourceSize": {"w":52,"h":55}
},
"f instance 10000":
{
	"frame": {"x":1638,"y":221,"w":14,"h":38},
	"rotated": false,
	"trimmed": false,
	"spriteSourceSize": {"x":0,"y":0,"w":14,"h":38},
	"sourceSize": {"w":14,"h":38}
},
"g instance 10000":
{
	"frame": {"x":1653,"y":221,"w":18,"h":38},
	"rotated": false,
	"trimmed": false,
	"spriteSourceSize": {"x":0,"y":0,"w":18,"h":38},
	"sourceSize": {"w":18,"h":38}
},
"h instance 10000":
{
	"frame": {"x":1672,"y":221,"w":18,"h":38},
	"rotated": false,
	"trimmed": false,
	"spriteSourceSize": {"x":0,"y":0,"w":18,"h":38},
	"sourceSize": {"w":18,"h":38}
},
"health instance 10000":
{
	"frame": {"x":1691,"y":221,"w":53,"h":46},
	"rotated": false,
	"trimmed": false,
	"spriteSourceSize": {"x":0,"y":0,"w":53,"h":46},
	"sourceSize": {"w":53,"h":46}
},
"i instance 10000":
{
	"frame": {"x":1745,"y":221,"w":11,"h":38},
	"rotated": false,
	"trimmed": false,
	"spriteSourceSize": {"x":0,"y":0,"w":11,"h":38},
	"sourceSize": {"w":11,"h":38}
},
"j instance 10000":
{
	"frame": {"x":1757,"y":221,"w":12,"h":38},
	"rotated": false,
	"trimmed": false,
	"spriteSourceSize": {"x":0,"y":0,"w":12,"h":38},
	"sourceSize": {"w":12,"h":38}
},
"k instance 10000":
{
	"frame": {"x":1770,"y":221,"w":18,"h":38},
	"rotated": false,
	"trimmed": false,
	"spriteSourceSize": {"x":0,"y":0,"w":18,"h":38},
	"sourceSize": {"w":18,"h":38}
},
"l instance 10000":
{
	"frame": {"x":1789,"y":221,"w":13,"h":38},
	"rotated": false,
	"trimmed": false,
	"spriteSourceSize": {"x":0,"y":0,"w":13,"h":38},
	"sourceSize": {"w":13,"h":38}
},
"m instance 10000":
{
	"frame": {"x":1803,"y":221,"w":23,"h":38},
	"rotated": false,
	"trimmed": false,
	"spriteSourceSize": {"x":0,"y":0,"w":23,"h":38},
	"sourceSize": {"w":23,"h":38}
},
"mainDoor0000":
{
	"frame": {"x":1827,"y":221,"w":155,"h":131},
	"rotated": false,
	"trimmed": false,
	"spriteSourceSize": {"x":0,"y":0,"w":155,"h":131},
	"sourceSize": {"w":155,"h":131}
},
"mainDoor0001":
{
	"frame": {"x":1,"y":353,"w":155,"h":131},
	"rotated": false,
	"trimmed": false,
	"spriteSourceSize": {"x":0,"y":0,"w":155,"h":131},
	"sourceSize": {"w":155,"h":131}
},
"n instance 10000":
{
	"frame": {"x":157,"y":353,"w":18,"h":38},
	"rotated": false,
	"trimmed": false,
	"spriteSourceSize": {"x":0,"y":0,"w":18,"h":38},
	"sourceSize": {"w":18,"h":38}
},
"newCard instance 10000":
{
	"frame": {"x":176,"y":353,"w":51,"h":30},
	"rotated": false,
	"trimmed": false,
	"spriteSourceSize": {"x":0,"y":0,"w":51,"h":30},
	"sourceSize": {"w":51,"h":30}
},
"newCard instance 10001":
{
	"frame": {"x":228,"y":353,"w":51,"h":30},
	"rotated": false,
	"trimmed": false,
	"spriteSourceSize": {"x":0,"y":0,"w":51,"h":30},
	"sourceSize": {"w":51,"h":30}
},
"newCard instance 10002":
{
	"frame": {"x":280,"y":353,"w":51,"h":30},
	"rotated": false,
	"trimmed": false,
	"spriteSourceSize": {"x":0,"y":0,"w":51,"h":30},
	"sourceSize": {"w":51,"h":30}
},
"newCard instance 10003":
{
	"frame": {"x":332,"y":353,"w":51,"h":30},
	"rotated": false,
	"trimmed": false,
	"spriteSourceSize": {"x":0,"y":0,"w":51,"h":30},
	"sourceSize": {"w":51,"h":30}
},
"newCard instance 10004":
{
	"frame": {"x":384,"y":353,"w":51,"h":30},
	"rotated": false,
	"trimmed": false,
	"spriteSourceSize": {"x":0,"y":0,"w":51,"h":30},
	"sourceSize": {"w":51,"h":30}
},
"newCard instance 10005":
{
	"frame": {"x":436,"y":353,"w":51,"h":30},
	"rotated": false,
	"trimmed": false,
	"spriteSourceSize": {"x":0,"y":0,"w":51,"h":30},
	"sourceSize": {"w":51,"h":30}
},
"newCard instance 10006":
{
	"frame": {"x":488,"y":353,"w":51,"h":30},
	"rotated": false,
	"trimmed": false,
	"spriteSourceSize": {"x":0,"y":0,"w":51,"h":30},
	"sourceSize": {"w":51,"h":30}
},
"newCard instance 10007":
{
	"frame": {"x":540,"y":353,"w":51,"h":30},
	"rotated": false,
	"trimmed": false,
	"spriteSourceSize": {"x":0,"y":0,"w":51,"h":30},
	"sourceSize": {"w":51,"h":30}
},
"newCard instance 10008":
{
	"frame": {"x":592,"y":353,"w":51,"h":30},
	"rotated": false,
	"trimmed": false,
	"spriteSourceSize": {"x":0,"y":0,"w":51,"h":30},
	"sourceSize": {"w":51,"h":30}
},
"newCard instance 10009":
{
	"frame": {"x":644,"y":353,"w":51,"h":30},
	"rotated": false,
	"trimmed": false,
	"spriteSourceSize": {"x":0,"y":0,"w":51,"h":30},
	"sourceSize": {"w":51,"h":30}
},
"o instance 10000":
{
	"frame": {"x":696,"y":353,"w":19,"h":38},
	"rotated": false,
	"trimmed": false,
	"spriteSourceSize": {"x":0,"y":0,"w":19,"h":38},
	"sourceSize": {"w":19,"h":38}
},
"p instance 10000":
{
	"frame": {"x":716,"y":353,"w":17,"h":38},
	"rotated": false,
	"trimmed": false,
	"spriteSourceSize": {"x":0,"y":0,"w":17,"h":38},
	"sourceSize": {"w":17,"h":38}
},
"puerta pequeña version 03.ai instance 10000":
{
	"frame": {"x":734,"y":353,"w":85,"h":128},
	"rotated": false,
	"trimmed": false,
	"spriteSourceSize": {"x":0,"y":0,"w":85,"h":128},
	"sourceSize": {"w":85,"h":128}
},
"puerta pequeña version 03.ai instance 10001":
{
	"frame": {"x":820,"y":353,"w":85,"h":128},
	"rotated": false,
	"trimmed": false,
	"spriteSourceSize": {"x":0,"y":0,"w":85,"h":128},
	"sourceSize": {"w":85,"h":128}
},
"q instance 10000":
{
	"frame": {"x":906,"y":353,"w":19,"h":38},
	"rotated": false,
	"trimmed": false,
	"spriteSourceSize": {"x":0,"y":0,"w":19,"h":38},
	"sourceSize": {"w":19,"h":38}
},
"r instance 10000":
{
	"frame": {"x":926,"y":353,"w":18,"h":38},
	"rotated": false,
	"trimmed": false,
	"spriteSourceSize": {"x":0,"y":0,"w":18,"h":38},
	"sourceSize": {"w":18,"h":38}
},
"s instance 10000":
{
	"frame": {"x":945,"y":353,"w":18,"h":38},
	"rotated": false,
	"trimmed": false,
	"spriteSourceSize": {"x":0,"y":0,"w":18,"h":38},
	"sourceSize": {"w":18,"h":38}
},
"saw0000":
{
	"frame": {"x":964,"y":353,"w":53,"h":115},
	"rotated": false,
	"trimmed": true,
	"spriteSourceSize": {"x":0,"y":0,"w":54,"h":115},
	"sourceSize": {"w":54,"h":115}
},
"saw0001":
{
	"frame": {"x":1018,"y":353,"w":54,"h":115},
	"rotated": false,
	"trimmed": false,
	"spriteSourceSize": {"x":0,"y":0,"w":54,"h":115},
	"sourceSize": {"w":54,"h":115}
},
"saw0002":
{
	"frame": {"x":1073,"y":353,"w":53,"h":115},
	"rotated": false,
	"trimmed": true,
	"spriteSourceSize": {"x":0,"y":0,"w":54,"h":115},
	"sourceSize": {"w":54,"h":115}
},
"saw0003":
{
	"frame": {"x":1127,"y":353,"w":53,"h":115},
	"rotated": false,
	"trimmed": true,
	"spriteSourceSize": {"x":0,"y":0,"w":54,"h":115},
	"sourceSize": {"w":54,"h":115}
},
"saw20000":
{
	"frame": {"x":1181,"y":353,"w":115,"h":53},
	"rotated": false,
	"trimmed": true,
	"spriteSourceSize": {"x":0,"y":1,"w":115,"h":54},
	"sourceSize": {"w":115,"h":54}
},
"saw20001":
{
	"frame": {"x":1297,"y":353,"w":115,"h":54},
	"rotated": false,
	"trimmed": false,
	"spriteSourceSize": {"x":0,"y":0,"w":115,"h":54},
	"sourceSize": {"w":115,"h":54}
},
"saw20002":
{
	"frame": {"x":1413,"y":353,"w":115,"h":53},
	"rotated": false,
	"trimmed": true,
	"spriteSourceSize": {"x":0,"y":1,"w":115,"h":54},
	"sourceSize": {"w":115,"h":54}
},
"saw20003":
{
	"frame": {"x":1529,"y":353,"w":115,"h":53},
	"rotated": false,
	"trimmed": true,
	"spriteSourceSize": {"x":0,"y":1,"w":115,"h":54},
	"sourceSize": {"w":115,"h":54}
},
"sideDoor instance 10000":
{
	"frame": {"x":1645,"y":353,"w":62,"h":167},
	"rotated": false,
	"trimmed": false,
	"spriteSourceSize": {"x":0,"y":0,"w":62,"h":167},
	"sourceSize": {"w":62,"h":167}
},
"sideDoor instance 10001":
{
	"frame": {"x":1708,"y":353,"w":62,"h":167},
	"rotated": false,
	"trimmed": false,
	"spriteSourceSize": {"x":0,"y":0,"w":62,"h":167},
	"sourceSize": {"w":62,"h":167}
},
"sideDoor instance 10002":
{
	"frame": {"x":1771,"y":353,"w":62,"h":167},
	"rotated": false,
	"trimmed": false,
	"spriteSourceSize": {"x":0,"y":0,"w":62,"h":167},
	"sourceSize": {"w":62,"h":167}
},
"sideDoor instance 10003":
{
	"frame": {"x":1834,"y":353,"w":62,"h":167},
	"rotated": false,
	"trimmed": false,
	"spriteSourceSize": {"x":0,"y":0,"w":62,"h":167},
	"sourceSize": {"w":62,"h":167}
},
"sideDoor instance 10004":
{
	"frame": {"x":1897,"y":353,"w":62,"h":167},
	"rotated": false,
	"trimmed": false,
	"spriteSourceSize": {"x":0,"y":0,"w":62,"h":167},
	"sourceSize": {"w":62,"h":167}
},
"smallDoor0000":
{
	"frame": {"x":1960,"y":353,"w":81,"h":119},
	"rotated": false,
	"trimmed": true,
	"spriteSourceSize": {"x":0,"y":0,"w":81,"h":119},
	"sourceSize": {"w":81,"h":119}
},
"smallDoor0001":
{
	"frame": {"x":1,"y":521,"w":80,"h":119},
	"rotated": false,
	"trimmed": true,
	"spriteSourceSize": {"x":1,"y":0,"w":81,"h":119},
	"sourceSize": {"w":81,"h":119}
},
"supaBite0000":
{
	"frame": {"x":82,"y":521,"w":47,"h":57},
	"rotated": false,
	"trimmed": false,
	"spriteSourceSize": {"x":0,"y":0,"w":47,"h":57},
	"sourceSize": {"w":47,"h":57}
},
"swtich0000":
{
	"frame": {"x":130,"y":521,"w":51,"h":64},
	"rotated": false,
	"trimmed": false,
	"spriteSourceSize": {"x":0,"y":0,"w":51,"h":64},
	"sourceSize": {"w":51,"h":64}
},
"swtich0001":
{
	"frame": {"x":182,"y":521,"w":51,"h":64},
	"rotated": false,
	"trimmed": false,
	"spriteSourceSize": {"x":0,"y":0,"w":51,"h":64},
	"sourceSize": {"w":51,"h":64}
},
"t instance 10000":
{
	"frame": {"x":234,"y":521,"w":16,"h":38},
	"rotated": false,
	"trimmed": false,
	"spriteSourceSize": {"x":0,"y":0,"w":16,"h":38},
	"sourceSize": {"w":16,"h":38}
},
"toll instance 10000":
{
	"frame": {"x":251,"y":521,"w":68,"h":47},
	"rotated": false,
	"trimmed": true,
	"spriteSourceSize": {"x":0,"y":0,"w":68,"h":47},
	"sourceSize": {"w":68,"h":47}
},
"toll instance 10001":
{
	"frame": {"x":320,"y":521,"w":68,"h":34},
	"rotated": false,
	"trimmed": true,
	"spriteSourceSize": {"x":0,"y":12,"w":68,"h":47},
	"sourceSize": {"w":68,"h":47}
},
"u instance 10000":
{
	"frame": {"x":389,"y":521,"w":19,"h":38},
	"rotated": false,
	"trimmed": false,
	"spriteSourceSize": {"x":0,"y":0,"w":19,"h":38},
	"sourceSize": {"w":19,"h":38}
},
"v instance 10000":
{
	"frame": {"x":409,"y":521,"w":18,"h":38},
	"rotated": false,
	"trimmed": false,
	"spriteSourceSize": {"x":0,"y":0,"w":18,"h":38},
	"sourceSize": {"w":18,"h":38}
},
"w instance 10000":
{
	"frame": {"x":428,"y":521,"w":26,"h":38},
	"rotated": false,
	"trimmed": false,
	"spriteSourceSize": {"x":0,"y":0,"w":26,"h":38},
	"sourceSize": {"w":26,"h":38}
},
"x instance 10000":
{
	"frame": {"x":455,"y":521,"w":17,"h":38},
	"rotated": false,
	"trimmed": false,
	"spriteSourceSize": {"x":0,"y":0,"w":17,"h":38},
	"sourceSize": {"w":17,"h":38}
},
"y instance 10000":
{
	"frame": {"x":473,"y":521,"w":16,"h":38},
	"rotated": false,
	"trimmed": false,
	"spriteSourceSize": {"x":0,"y":0,"w":16,"h":38},
	"sourceSize": {"w":16,"h":38}
},
"z instance 10000":
{
	"frame": {"x":490,"y":521,"w":14,"h":38},
	"rotated": false,
	"trimmed": false,
	"spriteSourceSize": {"x":0,"y":0,"w":14,"h":38},
	"sourceSize": {"w":14,"h":38}
}},
"meta": {
	"app": "Adobe Animate",
	"version": "20.5.1.31044",
	"image": "propsNew.png",
	"format": "RGBA8888",
	"size": {"w":2048,"h":1024},
	"scale": "1"
}
}
