﻿{"frames": {

"Aro de Luz instance 10000":
{
	"frame": {"x":1,"y":1,"w":46,"h":35},
	"rotated": false,
	"trimmed": false,
	"spriteSourceSize": {"x":0,"y":0,"w":46,"h":35},
	"sourceSize": {"w":46,"h":35}
},
"Aro de Luz instance 10001":
{
	"frame": {"x":48,"y":1,"w":46,"h":35},
	"rotated": false,
	"trimmed": false,
	"spriteSourceSize": {"x":0,"y":0,"w":46,"h":35},
	"sourceSize": {"w":46,"h":35}
},
"Aro de Luz instance 10002":
{
	"frame": {"x":95,"y":1,"w":46,"h":35},
	"rotated": false,
	"trimmed": false,
	"spriteSourceSize": {"x":0,"y":0,"w":46,"h":35},
	"sourceSize": {"w":46,"h":35}
},
"Aro de Luz instance 10003":
{
	"frame": {"x":142,"y":1,"w":46,"h":35},
	"rotated": false,
	"trimmed": false,
	"spriteSourceSize": {"x":0,"y":0,"w":46,"h":35},
	"sourceSize": {"w":46,"h":35}
},
"Aro de Luz instance 10004":
{
	"frame": {"x":189,"y":1,"w":46,"h":35},
	"rotated": false,
	"trimmed": false,
	"spriteSourceSize": {"x":0,"y":0,"w":46,"h":35},
	"sourceSize": {"w":46,"h":35}
},
"Aro de Luz instance 10005":
{
	"frame": {"x":236,"y":1,"w":46,"h":35},
	"rotated": false,
	"trimmed": false,
	"spriteSourceSize": {"x":0,"y":0,"w":46,"h":35},
	"sourceSize": {"w":46,"h":35}
},
"Aro de Luz instance 10006":
{
	"frame": {"x":283,"y":1,"w":46,"h":35},
	"rotated": false,
	"trimmed": false,
	"spriteSourceSize": {"x":0,"y":0,"w":46,"h":35},
	"sourceSize": {"w":46,"h":35}
},
"Aro de Luz instance 10007":
{
	"frame": {"x":330,"y":1,"w":46,"h":35},
	"rotated": false,
	"trimmed": false,
	"spriteSourceSize": {"x":0,"y":0,"w":46,"h":35},
	"sourceSize": {"w":46,"h":35}
},
"Aro de Luz instance 10008":
{
	"frame": {"x":377,"y":1,"w":46,"h":35},
	"rotated": false,
	"trimmed": false,
	"spriteSourceSize": {"x":0,"y":0,"w":46,"h":35},
	"sourceSize": {"w":46,"h":35}
},
"Aro de Luz instance 10009":
{
	"frame": {"x":424,"y":1,"w":46,"h":35},
	"rotated": false,
	"trimmed": false,
	"spriteSourceSize": {"x":0,"y":0,"w":46,"h":35},
	"sourceSize": {"w":46,"h":35}
},
"Aro de Luz instance 10010":
{
	"frame": {"x":1,"y":37,"w":46,"h":35},
	"rotated": false,
	"trimmed": false,
	"spriteSourceSize": {"x":0,"y":0,"w":46,"h":35},
	"sourceSize": {"w":46,"h":35}
},
"Aro de Luz instance 10011":
{
	"frame": {"x":48,"y":37,"w":46,"h":35},
	"rotated": false,
	"trimmed": false,
	"spriteSourceSize": {"x":0,"y":0,"w":46,"h":35},
	"sourceSize": {"w":46,"h":35}
},
"Aro de Luz instance 10012":
{
	"frame": {"x":95,"y":37,"w":46,"h":35},
	"rotated": false,
	"trimmed": false,
	"spriteSourceSize": {"x":0,"y":0,"w":46,"h":35},
	"sourceSize": {"w":46,"h":35}
},
"Aro de Luz instance 10013":
{
	"frame": {"x":142,"y":37,"w":46,"h":35},
	"rotated": false,
	"trimmed": false,
	"spriteSourceSize": {"x":0,"y":0,"w":46,"h":35},
	"sourceSize": {"w":46,"h":35}
},
"Aro de Luz instance 10014":
{
	"frame": {"x":189,"y":37,"w":46,"h":35},
	"rotated": false,
	"trimmed": false,
	"spriteSourceSize": {"x":0,"y":0,"w":46,"h":35},
	"sourceSize": {"w":46,"h":35}
},
"Aro de Luz instance 10015":
{
	"frame": {"x":236,"y":37,"w":46,"h":35},
	"rotated": false,
	"trimmed": false,
	"spriteSourceSize": {"x":0,"y":0,"w":46,"h":35},
	"sourceSize": {"w":46,"h":35}
},
"Aro de Luz instance 10016":
{
	"frame": {"x":283,"y":37,"w":46,"h":35},
	"rotated": false,
	"trimmed": false,
	"spriteSourceSize": {"x":0,"y":0,"w":46,"h":35},
	"sourceSize": {"w":46,"h":35}
},
"Aro de Luz instance 10017":
{
	"frame": {"x":330,"y":37,"w":46,"h":35},
	"rotated": false,
	"trimmed": false,
	"spriteSourceSize": {"x":0,"y":0,"w":46,"h":35},
	"sourceSize": {"w":46,"h":35}
},
"Aro de Luz instance 10018":
{
	"frame": {"x":377,"y":37,"w":46,"h":35},
	"rotated": false,
	"trimmed": false,
	"spriteSourceSize": {"x":0,"y":0,"w":46,"h":35},
	"sourceSize": {"w":46,"h":35}
},
"Aro de Luz instance 10019":
{
	"frame": {"x":424,"y":37,"w":46,"h":35},
	"rotated": false,
	"trimmed": false,
	"spriteSourceSize": {"x":0,"y":0,"w":46,"h":35},
	"sourceSize": {"w":46,"h":35}
},
"Aro de Luz instance 10020":
{
	"frame": {"x":1,"y":73,"w":46,"h":35},
	"rotated": false,
	"trimmed": false,
	"spriteSourceSize": {"x":0,"y":0,"w":46,"h":35},
	"sourceSize": {"w":46,"h":35}
},
"Aro de Luz instance 10021":
{
	"frame": {"x":48,"y":73,"w":46,"h":35},
	"rotated": false,
	"trimmed": false,
	"spriteSourceSize": {"x":0,"y":0,"w":46,"h":35},
	"sourceSize": {"w":46,"h":35}
},
"Aro de Luz instance 10022":
{
	"frame": {"x":95,"y":73,"w":46,"h":35},
	"rotated": false,
	"trimmed": false,
	"spriteSourceSize": {"x":0,"y":0,"w":46,"h":35},
	"sourceSize": {"w":46,"h":35}
},
"Aro de Luz instance 10023":
{
	"frame": {"x":142,"y":73,"w":46,"h":35},
	"rotated": false,
	"trimmed": false,
	"spriteSourceSize": {"x":0,"y":0,"w":46,"h":35},
	"sourceSize": {"w":46,"h":35}
},
"Aro de Luz instance 10024":
{
	"frame": {"x":189,"y":73,"w":46,"h":35},
	"rotated": false,
	"trimmed": false,
	"spriteSourceSize": {"x":0,"y":0,"w":46,"h":35},
	"sourceSize": {"w":46,"h":35}
},
"Aro de Luz instance 10025":
{
	"frame": {"x":236,"y":73,"w":46,"h":35},
	"rotated": false,
	"trimmed": false,
	"spriteSourceSize": {"x":0,"y":0,"w":46,"h":35},
	"sourceSize": {"w":46,"h":35}
},
"Aro de Luz instance 10026":
{
	"frame": {"x":283,"y":73,"w":46,"h":35},
	"rotated": false,
	"trimmed": false,
	"spriteSourceSize": {"x":0,"y":0,"w":46,"h":35},
	"sourceSize": {"w":46,"h":35}
},
"Aro de Luz instance 10027":
{
	"frame": {"x":330,"y":73,"w":46,"h":35},
	"rotated": false,
	"trimmed": false,
	"spriteSourceSize": {"x":0,"y":0,"w":46,"h":35},
	"sourceSize": {"w":46,"h":35}
},
"Aro de Luz instance 10028":
{
	"frame": {"x":377,"y":73,"w":46,"h":35},
	"rotated": false,
	"trimmed": false,
	"spriteSourceSize": {"x":0,"y":0,"w":46,"h":35},
	"sourceSize": {"w":46,"h":35}
},
"Aro de Luz instance 10029":
{
	"frame": {"x":424,"y":73,"w":46,"h":35},
	"rotated": false,
	"trimmed": false,
	"spriteSourceSize": {"x":0,"y":0,"w":46,"h":35},
	"sourceSize": {"w":46,"h":35}
},
"Aro de Luz instance 10030":
{
	"frame": {"x":1,"y":109,"w":46,"h":35},
	"rotated": false,
	"trimmed": false,
	"spriteSourceSize": {"x":0,"y":0,"w":46,"h":35},
	"sourceSize": {"w":46,"h":35}
},
"Aro de Luz instance 10031":
{
	"frame": {"x":48,"y":109,"w":46,"h":35},
	"rotated": false,
	"trimmed": false,
	"spriteSourceSize": {"x":0,"y":0,"w":46,"h":35},
	"sourceSize": {"w":46,"h":35}
},
"Aro de Luz instance 10032":
{
	"frame": {"x":95,"y":109,"w":46,"h":35},
	"rotated": false,
	"trimmed": false,
	"spriteSourceSize": {"x":0,"y":0,"w":46,"h":35},
	"sourceSize": {"w":46,"h":35}
},
"Aro de Luz instance 10033":
{
	"frame": {"x":142,"y":109,"w":46,"h":35},
	"rotated": false,
	"trimmed": false,
	"spriteSourceSize": {"x":0,"y":0,"w":46,"h":35},
	"sourceSize": {"w":46,"h":35}
},
"Aro de Luz instance 10034":
{
	"frame": {"x":189,"y":109,"w":46,"h":35},
	"rotated": false,
	"trimmed": false,
	"spriteSourceSize": {"x":0,"y":0,"w":46,"h":35},
	"sourceSize": {"w":46,"h":35}
},
"Aro de Luz instance 10035":
{
	"frame": {"x":236,"y":109,"w":46,"h":35},
	"rotated": false,
	"trimmed": false,
	"spriteSourceSize": {"x":0,"y":0,"w":46,"h":35},
	"sourceSize": {"w":46,"h":35}
},
"Aro de Luz instance 10036":
{
	"frame": {"x":283,"y":109,"w":46,"h":35},
	"rotated": false,
	"trimmed": false,
	"spriteSourceSize": {"x":0,"y":0,"w":46,"h":35},
	"sourceSize": {"w":46,"h":35}
},
"Aro de Luz instance 10037":
{
	"frame": {"x":330,"y":109,"w":46,"h":35},
	"rotated": false,
	"trimmed": false,
	"spriteSourceSize": {"x":0,"y":0,"w":46,"h":35},
	"sourceSize": {"w":46,"h":35}
},
"Aro de Luz instance 10038":
{
	"frame": {"x":377,"y":109,"w":46,"h":35},
	"rotated": false,
	"trimmed": false,
	"spriteSourceSize": {"x":0,"y":0,"w":46,"h":35},
	"sourceSize": {"w":46,"h":35}
},
"Aro de Luz instance 10039":
{
	"frame": {"x":424,"y":109,"w":46,"h":35},
	"rotated": false,
	"trimmed": false,
	"spriteSourceSize": {"x":0,"y":0,"w":46,"h":35},
	"sourceSize": {"w":46,"h":35}
},
"Aro de Luz instance 10040":
{
	"frame": {"x":1,"y":145,"w":46,"h":35},
	"rotated": false,
	"trimmed": false,
	"spriteSourceSize": {"x":0,"y":0,"w":46,"h":35},
	"sourceSize": {"w":46,"h":35}
},
"ArrowStrike0000":
{
	"frame": {"x":48,"y":145,"w":47,"h":57},
	"rotated": false,
	"trimmed": false,
	"spriteSourceSize": {"x":0,"y":0,"w":47,"h":57},
	"sourceSize": {"w":47,"h":57}
},
"CORAZON 2.ai instance 10000":
{
	"frame": {"x":96,"y":145,"w":56,"h":50},
	"rotated": false,
	"trimmed": true,
	"spriteSourceSize": {"x":0,"y":0,"w":56,"h":50},
	"sourceSize": {"w":56,"h":50}
},
"CORAZON 2.ai instance 10001":
{
	"frame": {"x":153,"y":145,"w":56,"h":50},
	"rotated": false,
	"trimmed": true,
	"spriteSourceSize": {"x":0,"y":0,"w":56,"h":50},
	"sourceSize": {"w":56,"h":50}
},
"CORAZON 2.ai instance 10002":
{
	"frame": {"x":210,"y":145,"w":56,"h":50},
	"rotated": false,
	"trimmed": true,
	"spriteSourceSize": {"x":0,"y":0,"w":56,"h":50},
	"sourceSize": {"w":56,"h":50}
},
"CORAZON 2.ai instance 10003":
{
	"frame": {"x":267,"y":145,"w":56,"h":50},
	"rotated": false,
	"trimmed": false,
	"spriteSourceSize": {"x":0,"y":0,"w":56,"h":50},
	"sourceSize": {"w":56,"h":50}
},
"CORAZON 2.ai instance 10004":
{
	"frame": {"x":324,"y":145,"w":56,"h":50},
	"rotated": false,
	"trimmed": true,
	"spriteSourceSize": {"x":0,"y":0,"w":56,"h":50},
	"sourceSize": {"w":56,"h":50}
},
"CORAZON 2.ai instance 10005":
{
	"frame": {"x":381,"y":145,"w":56,"h":50},
	"rotated": false,
	"trimmed": true,
	"spriteSourceSize": {"x":0,"y":0,"w":56,"h":50},
	"sourceSize": {"w":56,"h":50}
},
"Dedito instance 10000":
{
	"frame": {"x":438,"y":145,"w":47,"h":51},
	"rotated": false,
	"trimmed": false,
	"spriteSourceSize": {"x":0,"y":0,"w":47,"h":51},
	"sourceSize": {"w":47,"h":51}
},
"Dedito instance 10001":
{
	"frame": {"x":1,"y":203,"w":47,"h":51},
	"rotated": false,
	"trimmed": false,
	"spriteSourceSize": {"x":0,"y":0,"w":47,"h":51},
	"sourceSize": {"w":47,"h":51}
},
"Dedito instance 10002":
{
	"frame": {"x":49,"y":203,"w":47,"h":51},
	"rotated": false,
	"trimmed": false,
	"spriteSourceSize": {"x":0,"y":0,"w":47,"h":51},
	"sourceSize": {"w":47,"h":51}
},
"Dedito instance 10003":
{
	"frame": {"x":97,"y":203,"w":47,"h":51},
	"rotated": false,
	"trimmed": false,
	"spriteSourceSize": {"x":0,"y":0,"w":47,"h":51},
	"sourceSize": {"w":47,"h":51}
},
"Symbol 10 instance 10000":
{
	"frame": {"x":145,"y":203,"w":103,"h":28},
	"rotated": false,
	"trimmed": false,
	"spriteSourceSize": {"x":0,"y":0,"w":103,"h":28},
	"sourceSize": {"w":103,"h":28}
},
"Symbol 11 instance 10000":
{
	"frame": {"x":249,"y":203,"w":66,"h":66},
	"rotated": false,
	"trimmed": true,
	"spriteSourceSize": {"x":3,"y":0,"w":74,"h":74},
	"sourceSize": {"w":74,"h":74}
},
"Symbol 11 instance 10001":
{
	"frame": {"x":316,"y":203,"w":68,"h":69},
	"rotated": false,
	"trimmed": true,
	"spriteSourceSize": {"x":4,"y":0,"w":74,"h":74},
	"sourceSize": {"w":74,"h":74}
},
"Symbol 11 instance 10002":
{
	"frame": {"x":385,"y":203,"w":71,"h":71},
	"rotated": false,
	"trimmed": true,
	"spriteSourceSize": {"x":0,"y":0,"w":74,"h":74},
	"sourceSize": {"w":74,"h":74}
},
"Symbol 11 instance 10003":
{
	"frame": {"x":1,"y":275,"w":73,"h":73},
	"rotated": false,
	"trimmed": true,
	"spriteSourceSize": {"x":1,"y":1,"w":74,"h":74},
	"sourceSize": {"w":74,"h":74}
},
"Symbol 11 instance 10004":
{
	"frame": {"x":75,"y":275,"w":71,"h":71},
	"rotated": false,
	"trimmed": true,
	"spriteSourceSize": {"x":0,"y":0,"w":74,"h":74},
	"sourceSize": {"w":74,"h":74}
},
"Symbol 11 instance 10005":
{
	"frame": {"x":147,"y":275,"w":68,"h":68},
	"rotated": false,
	"trimmed": true,
	"spriteSourceSize": {"x":4,"y":1,"w":74,"h":74},
	"sourceSize": {"w":74,"h":74}
},
"Symbol 12 instance 10000":
{
	"frame": {"x":216,"y":275,"w":52,"h":54},
	"rotated": false,
	"trimmed": false,
	"spriteSourceSize": {"x":0,"y":0,"w":52,"h":54},
	"sourceSize": {"w":52,"h":54}
},
"Symbol 16 instance 10000":
{
	"frame": {"x":269,"y":275,"w":66,"h":66},
	"rotated": false,
	"trimmed": false,
	"spriteSourceSize": {"x":0,"y":0,"w":66,"h":66},
	"sourceSize": {"w":66,"h":66}
},
"Symbol 16 instance 10001":
{
	"frame": {"x":336,"y":275,"w":66,"h":66},
	"rotated": false,
	"trimmed": false,
	"spriteSourceSize": {"x":0,"y":0,"w":66,"h":66},
	"sourceSize": {"w":66,"h":66}
},
"Symbol 16 instance 10002":
{
	"frame": {"x":403,"y":275,"w":66,"h":66},
	"rotated": false,
	"trimmed": false,
	"spriteSourceSize": {"x":0,"y":0,"w":66,"h":66},
	"sourceSize": {"w":66,"h":66}
},
"Symbol 16 instance 10003":
{
	"frame": {"x":1,"y":349,"w":66,"h":66},
	"rotated": false,
	"trimmed": false,
	"spriteSourceSize": {"x":0,"y":0,"w":66,"h":66},
	"sourceSize": {"w":66,"h":66}
},
"Symbol 16 instance 10004":
{
	"frame": {"x":68,"y":349,"w":66,"h":66},
	"rotated": false,
	"trimmed": false,
	"spriteSourceSize": {"x":0,"y":0,"w":66,"h":66},
	"sourceSize": {"w":66,"h":66}
},
"Symbol 16 instance 10005":
{
	"frame": {"x":135,"y":349,"w":66,"h":66},
	"rotated": false,
	"trimmed": false,
	"spriteSourceSize": {"x":0,"y":0,"w":66,"h":66},
	"sourceSize": {"w":66,"h":66}
},
"Symbol 16 instance 10006":
{
	"frame": {"x":202,"y":349,"w":66,"h":66},
	"rotated": false,
	"trimmed": false,
	"spriteSourceSize": {"x":0,"y":0,"w":66,"h":66},
	"sourceSize": {"w":66,"h":66}
},
"Symbol 16 instance 10007":
{
	"frame": {"x":269,"y":349,"w":66,"h":66},
	"rotated": false,
	"trimmed": false,
	"spriteSourceSize": {"x":0,"y":0,"w":66,"h":66},
	"sourceSize": {"w":66,"h":66}
},
"Symbol 16 instance 10008":
{
	"frame": {"x":336,"y":349,"w":66,"h":66},
	"rotated": false,
	"trimmed": false,
	"spriteSourceSize": {"x":0,"y":0,"w":66,"h":66},
	"sourceSize": {"w":66,"h":66}
},
"Symbol 16 instance 10009":
{
	"frame": {"x":403,"y":349,"w":66,"h":66},
	"rotated": false,
	"trimmed": false,
	"spriteSourceSize": {"x":0,"y":0,"w":66,"h":66},
	"sourceSize": {"w":66,"h":66}
},
"Symbol 16 instance 10010":
{
	"frame": {"x":1,"y":416,"w":66,"h":66},
	"rotated": false,
	"trimmed": false,
	"spriteSourceSize": {"x":0,"y":0,"w":66,"h":66},
	"sourceSize": {"w":66,"h":66}
},
"Symbol 16 instance 10011":
{
	"frame": {"x":68,"y":416,"w":66,"h":66},
	"rotated": false,
	"trimmed": false,
	"spriteSourceSize": {"x":0,"y":0,"w":66,"h":66},
	"sourceSize": {"w":66,"h":66}
},
"Symbol 16 instance 10012":
{
	"frame": {"x":135,"y":416,"w":66,"h":66},
	"rotated": false,
	"trimmed": false,
	"spriteSourceSize": {"x":0,"y":0,"w":66,"h":66},
	"sourceSize": {"w":66,"h":66}
},
"Symbol 16 instance 10013":
{
	"frame": {"x":202,"y":416,"w":66,"h":66},
	"rotated": false,
	"trimmed": false,
	"spriteSourceSize": {"x":0,"y":0,"w":66,"h":66},
	"sourceSize": {"w":66,"h":66}
},
"Symbol 16 instance 10014":
{
	"frame": {"x":269,"y":416,"w":66,"h":66},
	"rotated": false,
	"trimmed": false,
	"spriteSourceSize": {"x":0,"y":0,"w":66,"h":66},
	"sourceSize": {"w":66,"h":66}
},
"Symbol 16 instance 10015":
{
	"frame": {"x":336,"y":416,"w":66,"h":66},
	"rotated": false,
	"trimmed": false,
	"spriteSourceSize": {"x":0,"y":0,"w":66,"h":66},
	"sourceSize": {"w":66,"h":66}
},
"Symbol 16 instance 10016":
{
	"frame": {"x":403,"y":416,"w":66,"h":66},
	"rotated": false,
	"trimmed": false,
	"spriteSourceSize": {"x":0,"y":0,"w":66,"h":66},
	"sourceSize": {"w":66,"h":66}
},
"Symbol 16 instance 10017":
{
	"frame": {"x":1,"y":483,"w":66,"h":66},
	"rotated": false,
	"trimmed": false,
	"spriteSourceSize": {"x":0,"y":0,"w":66,"h":66},
	"sourceSize": {"w":66,"h":66}
},
"Symbol 16 instance 10018":
{
	"frame": {"x":68,"y":483,"w":66,"h":66},
	"rotated": false,
	"trimmed": false,
	"spriteSourceSize": {"x":0,"y":0,"w":66,"h":66},
	"sourceSize": {"w":66,"h":66}
},
"Symbol 16 instance 10019":
{
	"frame": {"x":135,"y":483,"w":66,"h":66},
	"rotated": false,
	"trimmed": false,
	"spriteSourceSize": {"x":0,"y":0,"w":66,"h":66},
	"sourceSize": {"w":66,"h":66}
},
"Symbol 16 instance 10020":
{
	"frame": {"x":202,"y":483,"w":66,"h":66},
	"rotated": false,
	"trimmed": false,
	"spriteSourceSize": {"x":0,"y":0,"w":66,"h":66},
	"sourceSize": {"w":66,"h":66}
},
"Symbol 16 instance 10021":
{
	"frame": {"x":269,"y":483,"w":66,"h":66},
	"rotated": false,
	"trimmed": false,
	"spriteSourceSize": {"x":0,"y":0,"w":66,"h":66},
	"sourceSize": {"w":66,"h":66}
},
"Symbol 16 instance 10022":
{
	"frame": {"x":336,"y":483,"w":66,"h":66},
	"rotated": false,
	"trimmed": false,
	"spriteSourceSize": {"x":0,"y":0,"w":66,"h":66},
	"sourceSize": {"w":66,"h":66}
},
"Symbol 16 instance 10023":
{
	"frame": {"x":403,"y":483,"w":66,"h":66},
	"rotated": false,
	"trimmed": false,
	"spriteSourceSize": {"x":0,"y":0,"w":66,"h":66},
	"sourceSize": {"w":66,"h":66}
},
"Symbol 16 instance 10024":
{
	"frame": {"x":1,"y":550,"w":66,"h":66},
	"rotated": false,
	"trimmed": false,
	"spriteSourceSize": {"x":0,"y":0,"w":66,"h":66},
	"sourceSize": {"w":66,"h":66}
},
"Symbol 16 instance 10025":
{
	"frame": {"x":68,"y":550,"w":66,"h":66},
	"rotated": false,
	"trimmed": false,
	"spriteSourceSize": {"x":0,"y":0,"w":66,"h":66},
	"sourceSize": {"w":66,"h":66}
},
"Symbol 16 instance 10026":
{
	"frame": {"x":135,"y":550,"w":66,"h":66},
	"rotated": false,
	"trimmed": false,
	"spriteSourceSize": {"x":0,"y":0,"w":66,"h":66},
	"sourceSize": {"w":66,"h":66}
},
"Symbol 16 instance 10027":
{
	"frame": {"x":202,"y":550,"w":66,"h":66},
	"rotated": false,
	"trimmed": false,
	"spriteSourceSize": {"x":0,"y":0,"w":66,"h":66},
	"sourceSize": {"w":66,"h":66}
},
"Symbol 16 instance 10028":
{
	"frame": {"x":269,"y":550,"w":66,"h":66},
	"rotated": false,
	"trimmed": false,
	"spriteSourceSize": {"x":0,"y":0,"w":66,"h":66},
	"sourceSize": {"w":66,"h":66}
},
"Symbol 16 instance 10029":
{
	"frame": {"x":336,"y":550,"w":66,"h":66},
	"rotated": false,
	"trimmed": false,
	"spriteSourceSize": {"x":0,"y":0,"w":66,"h":66},
	"sourceSize": {"w":66,"h":66}
},
"Symbol 16 instance 10030":
{
	"frame": {"x":403,"y":550,"w":66,"h":66},
	"rotated": false,
	"trimmed": false,
	"spriteSourceSize": {"x":0,"y":0,"w":66,"h":66},
	"sourceSize": {"w":66,"h":66}
},
"Symbol 16 instance 10031":
{
	"frame": {"x":1,"y":617,"w":66,"h":66},
	"rotated": false,
	"trimmed": false,
	"spriteSourceSize": {"x":0,"y":0,"w":66,"h":66},
	"sourceSize": {"w":66,"h":66}
},
"Symbol 16 instance 10032":
{
	"frame": {"x":68,"y":617,"w":66,"h":66},
	"rotated": false,
	"trimmed": false,
	"spriteSourceSize": {"x":0,"y":0,"w":66,"h":66},
	"sourceSize": {"w":66,"h":66}
},
"Symbol 16 instance 10033":
{
	"frame": {"x":135,"y":617,"w":66,"h":66},
	"rotated": false,
	"trimmed": false,
	"spriteSourceSize": {"x":0,"y":0,"w":66,"h":66},
	"sourceSize": {"w":66,"h":66}
},
"Symbol 16 instance 10034":
{
	"frame": {"x":202,"y":617,"w":66,"h":66},
	"rotated": false,
	"trimmed": false,
	"spriteSourceSize": {"x":0,"y":0,"w":66,"h":66},
	"sourceSize": {"w":66,"h":66}
},
"Symbol 18 instance 10000":
{
	"frame": {"x":269,"y":617,"w":23,"h":68},
	"rotated": false,
	"trimmed": false,
	"spriteSourceSize": {"x":0,"y":0,"w":23,"h":68},
	"sourceSize": {"w":23,"h":68}
},
"Symbol 19 instance 10000":
{
	"frame": {"x":293,"y":617,"w":30,"h":68},
	"rotated": false,
	"trimmed": false,
	"spriteSourceSize": {"x":0,"y":0,"w":30,"h":68},
	"sourceSize": {"w":30,"h":68}
},
"Symbol 20 instance 10000":
{
	"frame": {"x":324,"y":617,"w":32,"h":68},
	"rotated": false,
	"trimmed": false,
	"spriteSourceSize": {"x":0,"y":0,"w":32,"h":68},
	"sourceSize": {"w":32,"h":68}
},
"Symbol 21 instance 10000":
{
	"frame": {"x":357,"y":617,"w":30,"h":68},
	"rotated": false,
	"trimmed": false,
	"spriteSourceSize": {"x":0,"y":0,"w":30,"h":68},
	"sourceSize": {"w":30,"h":68}
},
"Symbol 22 instance 10000":
{
	"frame": {"x":388,"y":617,"w":32,"h":68},
	"rotated": false,
	"trimmed": false,
	"spriteSourceSize": {"x":0,"y":0,"w":32,"h":68},
	"sourceSize": {"w":32,"h":68}
},
"Symbol 23 instance 10000":
{
	"frame": {"x":421,"y":617,"w":32,"h":68},
	"rotated": false,
	"trimmed": false,
	"spriteSourceSize": {"x":0,"y":0,"w":32,"h":68},
	"sourceSize": {"w":32,"h":68}
},
"Symbol 24 instance 10000":
{
	"frame": {"x":454,"y":617,"w":24,"h":68},
	"rotated": false,
	"trimmed": false,
	"spriteSourceSize": {"x":0,"y":0,"w":24,"h":68},
	"sourceSize": {"w":24,"h":68}
},
"Symbol 25 instance 10000":
{
	"frame": {"x":479,"y":617,"w":32,"h":68},
	"rotated": false,
	"trimmed": false,
	"spriteSourceSize": {"x":0,"y":0,"w":32,"h":68},
	"sourceSize": {"w":32,"h":68}
},
"Symbol 26 instance 10000":
{
	"frame": {"x":1,"y":686,"w":33,"h":68},
	"rotated": false,
	"trimmed": false,
	"spriteSourceSize": {"x":0,"y":0,"w":33,"h":68},
	"sourceSize": {"w":33,"h":68}
},
"Symbol 27 instance 10000":
{
	"frame": {"x":35,"y":686,"w":32,"h":68},
	"rotated": false,
	"trimmed": false,
	"spriteSourceSize": {"x":0,"y":0,"w":32,"h":68},
	"sourceSize": {"w":32,"h":68}
},
"Symbol 30 instance 10000":
{
	"frame": {"x":68,"y":686,"w":27,"h":38},
	"rotated": false,
	"trimmed": false,
	"spriteSourceSize": {"x":0,"y":0,"w":27,"h":38},
	"sourceSize": {"w":27,"h":38}
},
"Symbol 30 instance 20000":
{
	"frame": {"x":96,"y":686,"w":27,"h":38},
	"rotated": false,
	"trimmed": false,
	"spriteSourceSize": {"x":0,"y":0,"w":27,"h":38},
	"sourceSize": {"w":27,"h":38}
},
"Symbol 31 instance 10000":
{
	"frame": {"x":124,"y":686,"w":82,"h":78},
	"rotated": false,
	"trimmed": false,
	"spriteSourceSize": {"x":0,"y":0,"w":82,"h":78},
	"sourceSize": {"w":82,"h":78}
},
"Symbol 32 instance 10000":
{
	"frame": {"x":207,"y":686,"w":82,"h":78},
	"rotated": false,
	"trimmed": false,
	"spriteSourceSize": {"x":0,"y":0,"w":82,"h":78},
	"sourceSize": {"w":82,"h":78}
},
"Symbol 7 instance 10000":
{
	"frame": {"x":290,"y":686,"w":65,"h":87},
	"rotated": false,
	"trimmed": false,
	"spriteSourceSize": {"x":0,"y":0,"w":65,"h":87},
	"sourceSize": {"w":65,"h":87}
},
"Symbol 7 instance 10001":
{
	"frame": {"x":356,"y":686,"w":65,"h":87},
	"rotated": false,
	"trimmed": false,
	"spriteSourceSize": {"x":0,"y":0,"w":65,"h":87},
	"sourceSize": {"w":65,"h":87}
},
"Symbol 7 instance 10002":
{
	"frame": {"x":422,"y":686,"w":65,"h":87},
	"rotated": false,
	"trimmed": false,
	"spriteSourceSize": {"x":0,"y":0,"w":65,"h":87},
	"sourceSize": {"w":65,"h":87}
},
"Symbol 7 instance 10003":
{
	"frame": {"x":1,"y":774,"w":65,"h":87},
	"rotated": false,
	"trimmed": false,
	"spriteSourceSize": {"x":0,"y":0,"w":65,"h":87},
	"sourceSize": {"w":65,"h":87}
},
"Symbol 7 instance 10004":
{
	"frame": {"x":67,"y":774,"w":65,"h":87},
	"rotated": false,
	"trimmed": false,
	"spriteSourceSize": {"x":0,"y":0,"w":65,"h":87},
	"sourceSize": {"w":65,"h":87}
},
"Symbol 9 instance 10000":
{
	"frame": {"x":133,"y":774,"w":103,"h":28},
	"rotated": false,
	"trimmed": false,
	"spriteSourceSize": {"x":0,"y":0,"w":103,"h":28},
	"sourceSize": {"w":103,"h":28}
},
"a instance 10000":
{
	"frame": {"x":237,"y":774,"w":17,"h":38},
	"rotated": false,
	"trimmed": false,
	"spriteSourceSize": {"x":0,"y":0,"w":17,"h":38},
	"sourceSize": {"w":17,"h":38}
},
"b instance 10000":
{
	"frame": {"x":255,"y":774,"w":19,"h":38},
	"rotated": false,
	"trimmed": false,
	"spriteSourceSize": {"x":0,"y":0,"w":19,"h":38},
	"sourceSize": {"w":19,"h":38}
},
"boubleJumpBuy0000":
{
	"frame": {"x":275,"y":774,"w":47,"h":57},
	"rotated": false,
	"trimmed": false,
	"spriteSourceSize": {"x":0,"y":0,"w":47,"h":57},
	"sourceSize": {"w":47,"h":57}
},
"c instance 10000":
{
	"frame": {"x":323,"y":774,"w":19,"h":38},
	"rotated": false,
	"trimmed": false,
	"spriteSourceSize": {"x":0,"y":0,"w":19,"h":38},
	"sourceSize": {"w":19,"h":38}
},
"cannon realay instance 10000":
{
	"frame": {"x":343,"y":774,"w":90,"h":79},
	"rotated": false,
	"trimmed": false,
	"spriteSourceSize": {"x":0,"y":0,"w":90,"h":79},
	"sourceSize": {"w":90,"h":79}
},
"catapulta copy 2 instance 10000":
{
	"frame": {"x":434,"y":774,"w":61,"h":51},
	"rotated": false,
	"trimmed": true,
	"spriteSourceSize": {"x":0,"y":1,"w":61,"h":52},
	"sourceSize": {"w":61,"h":52}
},
"catapulta copy 2 instance 10001":
{
	"frame": {"x":1,"y":862,"w":61,"h":52},
	"rotated": false,
	"trimmed": false,
	"spriteSourceSize": {"x":0,"y":0,"w":61,"h":52},
	"sourceSize": {"w":61,"h":52}
},
"catpultaOff instance 10000":
{
	"frame": {"x":63,"y":862,"w":63,"h":54},
	"rotated": false,
	"trimmed": false,
	"spriteSourceSize": {"x":0,"y":0,"w":63,"h":54},
	"sourceSize": {"w":63,"h":54}
},
"catpultaOff instance 10001":
{
	"frame": {"x":127,"y":862,"w":63,"h":31},
	"rotated": false,
	"trimmed": true,
	"spriteSourceSize": {"x":0,"y":23,"w":63,"h":54},
	"sourceSize": {"w":63,"h":54}
},
"d instance 10000":
{
	"frame": {"x":191,"y":862,"w":19,"h":38},
	"rotated": false,
	"trimmed": false,
	"spriteSourceSize": {"x":0,"y":0,"w":19,"h":38},
	"sourceSize": {"w":19,"h":38}
},
"damagedDoor instance 10000":
{
	"frame": {"x":211,"y":862,"w":85,"h":129},
	"rotated": false,
	"trimmed": false,
	"spriteSourceSize": {"x":0,"y":0,"w":85,"h":129},
	"sourceSize": {"w":85,"h":129}
},
"doubleJumpBtn0000":
{
	"frame": {"x":297,"y":862,"w":52,"h":54},
	"rotated": false,
	"trimmed": false,
	"spriteSourceSize": {"x":0,"y":0,"w":52,"h":54},
	"sourceSize": {"w":52,"h":54}
},
"e instance 10000":
{
	"frame": {"x":350,"y":862,"w":14,"h":38},
	"rotated": false,
	"trimmed": false,
	"spriteSourceSize": {"x":0,"y":0,"w":14,"h":38},
	"sourceSize": {"w":14,"h":38}
},
"enemyCreator instance 10000":
{
	"frame": {"x":365,"y":862,"w":63,"h":56},
	"rotated": false,
	"trimmed": false,
	"spriteSourceSize": {"x":0,"y":0,"w":63,"h":56},
	"sourceSize": {"w":63,"h":56}
},
"enemyCreator instance 10001":
{
	"frame": {"x":429,"y":862,"w":63,"h":44},
	"rotated": false,
	"trimmed": true,
	"spriteSourceSize": {"x":0,"y":0,"w":63,"h":56},
	"sourceSize": {"w":63,"h":56}
},
"enemyCreator instance 10002":
{
	"frame": {"x":1,"y":992,"w":63,"h":33},
	"rotated": false,
	"trimmed": true,
	"spriteSourceSize": {"x":0,"y":0,"w":63,"h":56},
	"sourceSize": {"w":63,"h":56}
},
"enemyCreator instance 10003":
{
	"frame": {"x":65,"y":992,"w":63,"h":21},
	"rotated": false,
	"trimmed": true,
	"spriteSourceSize": {"x":0,"y":0,"w":63,"h":56},
	"sourceSize": {"w":63,"h":56}
},
"enemyCreator instance 10004":
{
	"frame": {"x":129,"y":992,"w":63,"h":10},
	"rotated": false,
	"trimmed": true,
	"spriteSourceSize": {"x":0,"y":0,"w":63,"h":56},
	"sourceSize": {"w":63,"h":56}
},
"energy_station instance 10000":
{
	"frame": {"x":193,"y":992,"w":65,"h":87},
	"rotated": false,
	"trimmed": false,
	"spriteSourceSize": {"x":0,"y":0,"w":65,"h":87},
	"sourceSize": {"w":65,"h":87}
},
"energy_station instance 10001":
{
	"frame": {"x":259,"y":992,"w":65,"h":87},
	"rotated": false,
	"trimmed": false,
	"spriteSourceSize": {"x":0,"y":0,"w":65,"h":87},
	"sourceSize": {"w":65,"h":87}
},
"energy_station instance 10002":
{
	"frame": {"x":325,"y":992,"w":65,"h":87},
	"rotated": false,
	"trimmed": false,
	"spriteSourceSize": {"x":0,"y":0,"w":65,"h":87},
	"sourceSize": {"w":65,"h":87}
},
"energy_station instance 10003":
{
	"frame": {"x":391,"y":992,"w":65,"h":87},
	"rotated": false,
	"trimmed": false,
	"spriteSourceSize": {"x":0,"y":0,"w":65,"h":87},
	"sourceSize": {"w":65,"h":87}
},
"exitJetPack instance 10000":
{
	"frame": {"x":457,"y":992,"w":52,"h":55},
	"rotated": false,
	"trimmed": false,
	"spriteSourceSize": {"x":0,"y":0,"w":52,"h":55},
	"sourceSize": {"w":52,"h":55}
},
"f instance 10000":
{
	"frame": {"x":1,"y":1080,"w":14,"h":38},
	"rotated": false,
	"trimmed": false,
	"spriteSourceSize": {"x":0,"y":0,"w":14,"h":38},
	"sourceSize": {"w":14,"h":38}
},
"g instance 10000":
{
	"frame": {"x":16,"y":1080,"w":18,"h":38},
	"rotated": false,
	"trimmed": false,
	"spriteSourceSize": {"x":0,"y":0,"w":18,"h":38},
	"sourceSize": {"w":18,"h":38}
},
"h instance 10000":
{
	"frame": {"x":35,"y":1080,"w":18,"h":38},
	"rotated": false,
	"trimmed": false,
	"spriteSourceSize": {"x":0,"y":0,"w":18,"h":38},
	"sourceSize": {"w":18,"h":38}
},
"health instance 10000":
{
	"frame": {"x":54,"y":1080,"w":82,"h":77},
	"rotated": false,
	"trimmed": false,
	"spriteSourceSize": {"x":0,"y":0,"w":82,"h":77},
	"sourceSize": {"w":82,"h":77}
},
"i instance 10000":
{
	"frame": {"x":137,"y":1080,"w":11,"h":38},
	"rotated": false,
	"trimmed": false,
	"spriteSourceSize": {"x":0,"y":0,"w":11,"h":38},
	"sourceSize": {"w":11,"h":38}
},
"j instance 10000":
{
	"frame": {"x":149,"y":1080,"w":12,"h":38},
	"rotated": false,
	"trimmed": false,
	"spriteSourceSize": {"x":0,"y":0,"w":12,"h":38},
	"sourceSize": {"w":12,"h":38}
},
"k instance 10000":
{
	"frame": {"x":162,"y":1080,"w":18,"h":38},
	"rotated": false,
	"trimmed": false,
	"spriteSourceSize": {"x":0,"y":0,"w":18,"h":38},
	"sourceSize": {"w":18,"h":38}
},
"l instance 10000":
{
	"frame": {"x":181,"y":1080,"w":13,"h":38},
	"rotated": false,
	"trimmed": false,
	"spriteSourceSize": {"x":0,"y":0,"w":13,"h":38},
	"sourceSize": {"w":13,"h":38}
},
"m instance 10000":
{
	"frame": {"x":195,"y":1080,"w":23,"h":38},
	"rotated": false,
	"trimmed": false,
	"spriteSourceSize": {"x":0,"y":0,"w":23,"h":38},
	"sourceSize": {"w":23,"h":38}
},
"mainDoor0000":
{
	"frame": {"x":219,"y":1080,"w":155,"h":131},
	"rotated": false,
	"trimmed": false,
	"spriteSourceSize": {"x":0,"y":0,"w":155,"h":131},
	"sourceSize": {"w":155,"h":131}
},
"mainDoor0001":
{
	"frame": {"x":1,"y":1212,"w":155,"h":131},
	"rotated": false,
	"trimmed": false,
	"spriteSourceSize": {"x":0,"y":0,"w":155,"h":131},
	"sourceSize": {"w":155,"h":131}
},
"n instance 10000":
{
	"frame": {"x":157,"y":1212,"w":18,"h":38},
	"rotated": false,
	"trimmed": false,
	"spriteSourceSize": {"x":0,"y":0,"w":18,"h":38},
	"sourceSize": {"w":18,"h":38}
},
"newCard instance 10000":
{
	"frame": {"x":176,"y":1212,"w":51,"h":30},
	"rotated": false,
	"trimmed": false,
	"spriteSourceSize": {"x":0,"y":0,"w":51,"h":30},
	"sourceSize": {"w":51,"h":30}
},
"newCard instance 10001":
{
	"frame": {"x":228,"y":1212,"w":51,"h":30},
	"rotated": false,
	"trimmed": false,
	"spriteSourceSize": {"x":0,"y":0,"w":51,"h":30},
	"sourceSize": {"w":51,"h":30}
},
"newCard instance 10002":
{
	"frame": {"x":280,"y":1212,"w":51,"h":30},
	"rotated": false,
	"trimmed": false,
	"spriteSourceSize": {"x":0,"y":0,"w":51,"h":30},
	"sourceSize": {"w":51,"h":30}
},
"newCard instance 10003":
{
	"frame": {"x":332,"y":1212,"w":51,"h":30},
	"rotated": false,
	"trimmed": false,
	"spriteSourceSize": {"x":0,"y":0,"w":51,"h":30},
	"sourceSize": {"w":51,"h":30}
},
"newCard instance 10004":
{
	"frame": {"x":384,"y":1212,"w":51,"h":30},
	"rotated": false,
	"trimmed": false,
	"spriteSourceSize": {"x":0,"y":0,"w":51,"h":30},
	"sourceSize": {"w":51,"h":30}
},
"newCard instance 10005":
{
	"frame": {"x":436,"y":1212,"w":51,"h":30},
	"rotated": false,
	"trimmed": false,
	"spriteSourceSize": {"x":0,"y":0,"w":51,"h":30},
	"sourceSize": {"w":51,"h":30}
},
"newCard instance 10006":
{
	"frame": {"x":1,"y":1344,"w":51,"h":30},
	"rotated": false,
	"trimmed": false,
	"spriteSourceSize": {"x":0,"y":0,"w":51,"h":30},
	"sourceSize": {"w":51,"h":30}
},
"newCard instance 10007":
{
	"frame": {"x":53,"y":1344,"w":51,"h":30},
	"rotated": false,
	"trimmed": false,
	"spriteSourceSize": {"x":0,"y":0,"w":51,"h":30},
	"sourceSize": {"w":51,"h":30}
},
"newCard instance 10008":
{
	"frame": {"x":105,"y":1344,"w":51,"h":30},
	"rotated": false,
	"trimmed": false,
	"spriteSourceSize": {"x":0,"y":0,"w":51,"h":30},
	"sourceSize": {"w":51,"h":30}
},
"newCard instance 10009":
{
	"frame": {"x":157,"y":1344,"w":51,"h":30},
	"rotated": false,
	"trimmed": false,
	"spriteSourceSize": {"x":0,"y":0,"w":51,"h":30},
	"sourceSize": {"w":51,"h":30}
},
"o instance 10000":
{
	"frame": {"x":209,"y":1344,"w":19,"h":38},
	"rotated": false,
	"trimmed": false,
	"spriteSourceSize": {"x":0,"y":0,"w":19,"h":38},
	"sourceSize": {"w":19,"h":38}
},
"p instance 10000":
{
	"frame": {"x":229,"y":1344,"w":17,"h":38},
	"rotated": false,
	"trimmed": false,
	"spriteSourceSize": {"x":0,"y":0,"w":17,"h":38},
	"sourceSize": {"w":17,"h":38}
},
"puerta pequeña version 03.ai instance 10000":
{
	"frame": {"x":247,"y":1344,"w":85,"h":128},
	"rotated": false,
	"trimmed": false,
	"spriteSourceSize": {"x":0,"y":0,"w":85,"h":128},
	"sourceSize": {"w":85,"h":128}
},
"puerta pequeña version 03.ai instance 10001":
{
	"frame": {"x":333,"y":1344,"w":85,"h":128},
	"rotated": false,
	"trimmed": false,
	"spriteSourceSize": {"x":0,"y":0,"w":85,"h":128},
	"sourceSize": {"w":85,"h":128}
},
"q instance 10000":
{
	"frame": {"x":419,"y":1344,"w":19,"h":38},
	"rotated": false,
	"trimmed": false,
	"spriteSourceSize": {"x":0,"y":0,"w":19,"h":38},
	"sourceSize": {"w":19,"h":38}
},
"r instance 10000":
{
	"frame": {"x":439,"y":1344,"w":18,"h":38},
	"rotated": false,
	"trimmed": false,
	"spriteSourceSize": {"x":0,"y":0,"w":18,"h":38},
	"sourceSize": {"w":18,"h":38}
},
"s instance 10000":
{
	"frame": {"x":458,"y":1344,"w":18,"h":38},
	"rotated": false,
	"trimmed": false,
	"spriteSourceSize": {"x":0,"y":0,"w":18,"h":38},
	"sourceSize": {"w":18,"h":38}
},
"saw0000":
{
	"frame": {"x":1,"y":1473,"w":53,"h":115},
	"rotated": false,
	"trimmed": true,
	"spriteSourceSize": {"x":0,"y":0,"w":54,"h":115},
	"sourceSize": {"w":54,"h":115}
},
"saw0001":
{
	"frame": {"x":55,"y":1473,"w":54,"h":115},
	"rotated": false,
	"trimmed": false,
	"spriteSourceSize": {"x":0,"y":0,"w":54,"h":115},
	"sourceSize": {"w":54,"h":115}
},
"saw0002":
{
	"frame": {"x":110,"y":1473,"w":53,"h":115},
	"rotated": false,
	"trimmed": true,
	"spriteSourceSize": {"x":0,"y":0,"w":54,"h":115},
	"sourceSize": {"w":54,"h":115}
},
"saw0003":
{
	"frame": {"x":164,"y":1473,"w":53,"h":115},
	"rotated": false,
	"trimmed": true,
	"spriteSourceSize": {"x":0,"y":0,"w":54,"h":115},
	"sourceSize": {"w":54,"h":115}
},
"saw20000":
{
	"frame": {"x":218,"y":1473,"w":115,"h":53},
	"rotated": false,
	"trimmed": true,
	"spriteSourceSize": {"x":0,"y":1,"w":115,"h":54},
	"sourceSize": {"w":115,"h":54}
},
"saw20001":
{
	"frame": {"x":334,"y":1473,"w":115,"h":54},
	"rotated": false,
	"trimmed": false,
	"spriteSourceSize": {"x":0,"y":0,"w":115,"h":54},
	"sourceSize": {"w":115,"h":54}
},
"saw20002":
{
	"frame": {"x":1,"y":1589,"w":115,"h":53},
	"rotated": false,
	"trimmed": true,
	"spriteSourceSize": {"x":0,"y":1,"w":115,"h":54},
	"sourceSize": {"w":115,"h":54}
},
"saw20003":
{
	"frame": {"x":117,"y":1589,"w":115,"h":53},
	"rotated": false,
	"trimmed": true,
	"spriteSourceSize": {"x":0,"y":1,"w":115,"h":54},
	"sourceSize": {"w":115,"h":54}
},
"sideDoor instance 10000":
{
	"frame": {"x":233,"y":1589,"w":62,"h":167},
	"rotated": false,
	"trimmed": false,
	"spriteSourceSize": {"x":0,"y":0,"w":62,"h":167},
	"sourceSize": {"w":62,"h":167}
},
"sideDoor instance 10001":
{
	"frame": {"x":296,"y":1589,"w":62,"h":167},
	"rotated": false,
	"trimmed": false,
	"spriteSourceSize": {"x":0,"y":0,"w":62,"h":167},
	"sourceSize": {"w":62,"h":167}
},
"sideDoor instance 10002":
{
	"frame": {"x":359,"y":1589,"w":62,"h":167},
	"rotated": false,
	"trimmed": false,
	"spriteSourceSize": {"x":0,"y":0,"w":62,"h":167},
	"sourceSize": {"w":62,"h":167}
},
"sideDoor instance 10003":
{
	"frame": {"x":422,"y":1589,"w":62,"h":167},
	"rotated": false,
	"trimmed": false,
	"spriteSourceSize": {"x":0,"y":0,"w":62,"h":167},
	"sourceSize": {"w":62,"h":167}
},
"sideDoor instance 10004":
{
	"frame": {"x":1,"y":1757,"w":62,"h":167},
	"rotated": false,
	"trimmed": false,
	"spriteSourceSize": {"x":0,"y":0,"w":62,"h":167},
	"sourceSize": {"w":62,"h":167}
},
"smallDoor0000":
{
	"frame": {"x":64,"y":1757,"w":81,"h":119},
	"rotated": false,
	"trimmed": true,
	"spriteSourceSize": {"x":0,"y":0,"w":81,"h":119},
	"sourceSize": {"w":81,"h":119}
},
"smallDoor0001":
{
	"frame": {"x":146,"y":1757,"w":80,"h":119},
	"rotated": false,
	"trimmed": true,
	"spriteSourceSize": {"x":1,"y":0,"w":81,"h":119},
	"sourceSize": {"w":81,"h":119}
},
"supaBite0000":
{
	"frame": {"x":227,"y":1757,"w":47,"h":57},
	"rotated": false,
	"trimmed": false,
	"spriteSourceSize": {"x":0,"y":0,"w":47,"h":57},
	"sourceSize": {"w":47,"h":57}
},
"swtich0000":
{
	"frame": {"x":275,"y":1757,"w":33,"h":67},
	"rotated": false,
	"trimmed": false,
	"spriteSourceSize": {"x":0,"y":0,"w":33,"h":67},
	"sourceSize": {"w":33,"h":67}
},
"swtich0001":
{
	"frame": {"x":309,"y":1757,"w":33,"h":67},
	"rotated": false,
	"trimmed": false,
	"spriteSourceSize": {"x":0,"y":0,"w":33,"h":67},
	"sourceSize": {"w":33,"h":67}
},
"t instance 10000":
{
	"frame": {"x":343,"y":1757,"w":16,"h":38},
	"rotated": false,
	"trimmed": false,
	"spriteSourceSize": {"x":0,"y":0,"w":16,"h":38},
	"sourceSize": {"w":16,"h":38}
},
"toll instance 10000":
{
	"frame": {"x":360,"y":1757,"w":68,"h":47},
	"rotated": false,
	"trimmed": true,
	"spriteSourceSize": {"x":0,"y":0,"w":68,"h":47},
	"sourceSize": {"w":68,"h":47}
},
"toll instance 10001":
{
	"frame": {"x":429,"y":1757,"w":68,"h":34},
	"rotated": false,
	"trimmed": true,
	"spriteSourceSize": {"x":0,"y":12,"w":68,"h":47},
	"sourceSize": {"w":68,"h":47}
},
"u instance 10000":
{
	"frame": {"x":1,"y":1925,"w":19,"h":38},
	"rotated": false,
	"trimmed": false,
	"spriteSourceSize": {"x":0,"y":0,"w":19,"h":38},
	"sourceSize": {"w":19,"h":38}
},
"v instance 10000":
{
	"frame": {"x":21,"y":1925,"w":18,"h":38},
	"rotated": false,
	"trimmed": false,
	"spriteSourceSize": {"x":0,"y":0,"w":18,"h":38},
	"sourceSize": {"w":18,"h":38}
},
"w instance 10000":
{
	"frame": {"x":40,"y":1925,"w":26,"h":38},
	"rotated": false,
	"trimmed": false,
	"spriteSourceSize": {"x":0,"y":0,"w":26,"h":38},
	"sourceSize": {"w":26,"h":38}
},
"x instance 10000":
{
	"frame": {"x":67,"y":1925,"w":17,"h":38},
	"rotated": false,
	"trimmed": false,
	"spriteSourceSize": {"x":0,"y":0,"w":17,"h":38},
	"sourceSize": {"w":17,"h":38}
},
"y instance 10000":
{
	"frame": {"x":85,"y":1925,"w":16,"h":38},
	"rotated": false,
	"trimmed": false,
	"spriteSourceSize": {"x":0,"y":0,"w":16,"h":38},
	"sourceSize": {"w":16,"h":38}
},
"z instance 10000":
{
	"frame": {"x":102,"y":1925,"w":14,"h":38},
	"rotated": false,
	"trimmed": false,
	"spriteSourceSize": {"x":0,"y":0,"w":14,"h":38},
	"sourceSize": {"w":14,"h":38}
}},
"meta": {
	"app": "Adobe Animate",
	"version": "19.2.1.408",
	"image": "propsNew.png",
	"format": "RGBA8888",
	"size": {"w":512,"h":2048},
	"scale": "1"
}
}
