﻿{"frames": {

"Symbol 13 instance 10000":
{
	"frame": {"x":1,"y":1,"w":63,"h":89},
	"rotated": false,
	"trimmed": true,
	"spriteSourceSize": {"x":5,"y":8,"w":74,"h":105},
	"sourceSize": {"w":74,"h":105}
},
"Symbol 13 instance 10001":
{
	"frame": {"x":65,"y":1,"w":74,"h":105},
	"rotated": false,
	"trimmed": false,
	"spriteSourceSize": {"x":0,"y":0,"w":74,"h":105},
	"sourceSize": {"w":74,"h":105}
},
"Symbol 6 instance 10000":
{
	"frame": {"x":140,"y":1,"w":186,"h":169},
	"rotated": false,
	"trimmed": true,
	"spriteSourceSize": {"x":0,"y":0,"w":186,"h":178},
	"sourceSize": {"w":186,"h":178}
},
"Symbol 6 instance 10001":
{
	"frame": {"x":327,"y":1,"w":160,"h":171},
	"rotated": false,
	"trimmed": true,
	"spriteSourceSize": {"x":14,"y":7,"w":186,"h":178},
	"sourceSize": {"w":186,"h":178}
},
"bitBtn instance 10000":
{
	"frame": {"x":488,"y":1,"w":147,"h":158},
	"rotated": false,
	"trimmed": false,
	"spriteSourceSize": {"x":0,"y":0,"w":147,"h":158},
	"sourceSize": {"w":147,"h":158}
},
"bitBtn instance 10001":
{
	"frame": {"x":636,"y":1,"w":147,"h":158},
	"rotated": false,
	"trimmed": false,
	"spriteSourceSize": {"x":0,"y":0,"w":147,"h":158},
	"sourceSize": {"w":147,"h":158}
},
"bullet0000":
{
	"frame": {"x":784,"y":1,"w":43,"h":43},
	"rotated": false,
	"trimmed": false,
	"spriteSourceSize": {"x":0,"y":0,"w":43,"h":43},
	"sourceSize": {"w":43,"h":43}
},
"catapulta0000":
{
	"frame": {"x":828,"y":1,"w":116,"h":83},
	"rotated": false,
	"trimmed": false,
	"spriteSourceSize": {"x":0,"y":0,"w":116,"h":83},
	"sourceSize": {"w":116,"h":83}
},
"catapulta0001":
{
	"frame": {"x":945,"y":1,"w":116,"h":83},
	"rotated": false,
	"trimmed": false,
	"spriteSourceSize": {"x":0,"y":0,"w":116,"h":83},
	"sourceSize": {"w":116,"h":83}
},
"catapultaOff0000":
{
	"frame": {"x":1062,"y":1,"w":126,"h":105},
	"rotated": false,
	"trimmed": false,
	"spriteSourceSize": {"x":0,"y":0,"w":126,"h":105},
	"sourceSize": {"w":126,"h":105}
},
"catapultaOff0001":
{
	"frame": {"x":1189,"y":1,"w":126,"h":105},
	"rotated": false,
	"trimmed": false,
	"spriteSourceSize": {"x":0,"y":0,"w":126,"h":105},
	"sourceSize": {"w":126,"h":105}
},
"catapultaOff0002":
{
	"frame": {"x":1316,"y":1,"w":126,"h":105},
	"rotated": false,
	"trimmed": false,
	"spriteSourceSize": {"x":0,"y":0,"w":126,"h":105},
	"sourceSize": {"w":126,"h":105}
},
"catapultaOff0003":
{
	"frame": {"x":1443,"y":1,"w":126,"h":105},
	"rotated": false,
	"trimmed": false,
	"spriteSourceSize": {"x":0,"y":0,"w":126,"h":105},
	"sourceSize": {"w":126,"h":105}
},
"catapultaOff0004":
{
	"frame": {"x":1570,"y":1,"w":126,"h":105},
	"rotated": false,
	"trimmed": false,
	"spriteSourceSize": {"x":0,"y":0,"w":126,"h":105},
	"sourceSize": {"w":126,"h":105}
},
"catapultaOff0005":
{
	"frame": {"x":1697,"y":1,"w":126,"h":105},
	"rotated": false,
	"trimmed": false,
	"spriteSourceSize": {"x":0,"y":0,"w":126,"h":105},
	"sourceSize": {"w":126,"h":105}
},
"catapultaOff0006":
{
	"frame": {"x":1824,"y":1,"w":126,"h":105},
	"rotated": false,
	"trimmed": false,
	"spriteSourceSize": {"x":0,"y":0,"w":126,"h":105},
	"sourceSize": {"w":126,"h":105}
},
"catapultaOff0007":
{
	"frame": {"x":1,"y":173,"w":126,"h":105},
	"rotated": false,
	"trimmed": false,
	"spriteSourceSize": {"x":0,"y":0,"w":126,"h":105},
	"sourceSize": {"w":126,"h":105}
},
"catapultaOff0008":
{
	"frame": {"x":128,"y":173,"w":126,"h":105},
	"rotated": false,
	"trimmed": false,
	"spriteSourceSize": {"x":0,"y":0,"w":126,"h":105},
	"sourceSize": {"w":126,"h":105}
},
"catapultaOff0009":
{
	"frame": {"x":255,"y":173,"w":126,"h":105},
	"rotated": false,
	"trimmed": false,
	"spriteSourceSize": {"x":0,"y":0,"w":126,"h":105},
	"sourceSize": {"w":126,"h":105}
},
"catapultaOff0010":
{
	"frame": {"x":382,"y":173,"w":126,"h":105},
	"rotated": false,
	"trimmed": false,
	"spriteSourceSize": {"x":0,"y":0,"w":126,"h":105},
	"sourceSize": {"w":126,"h":105}
},
"catapultaOff0011":
{
	"frame": {"x":509,"y":173,"w":126,"h":105},
	"rotated": false,
	"trimmed": false,
	"spriteSourceSize": {"x":0,"y":0,"w":126,"h":105},
	"sourceSize": {"w":126,"h":105}
},
"catapultaOff0012":
{
	"frame": {"x":636,"y":173,"w":126,"h":105},
	"rotated": false,
	"trimmed": false,
	"spriteSourceSize": {"x":0,"y":0,"w":126,"h":105},
	"sourceSize": {"w":126,"h":105}
},
"catapultaOff0013":
{
	"frame": {"x":763,"y":173,"w":126,"h":105},
	"rotated": false,
	"trimmed": false,
	"spriteSourceSize": {"x":0,"y":0,"w":126,"h":105},
	"sourceSize": {"w":126,"h":105}
},
"catapultaOff0014":
{
	"frame": {"x":890,"y":173,"w":126,"h":105},
	"rotated": false,
	"trimmed": false,
	"spriteSourceSize": {"x":0,"y":0,"w":126,"h":105},
	"sourceSize": {"w":126,"h":105}
},
"catapultaOff0015":
{
	"frame": {"x":1017,"y":173,"w":126,"h":105},
	"rotated": false,
	"trimmed": false,
	"spriteSourceSize": {"x":0,"y":0,"w":126,"h":105},
	"sourceSize": {"w":126,"h":105}
},
"catapultaOff0016":
{
	"frame": {"x":1144,"y":173,"w":126,"h":105},
	"rotated": false,
	"trimmed": false,
	"spriteSourceSize": {"x":0,"y":0,"w":126,"h":105},
	"sourceSize": {"w":126,"h":105}
},
"catapultaOff0017":
{
	"frame": {"x":1271,"y":173,"w":126,"h":105},
	"rotated": false,
	"trimmed": false,
	"spriteSourceSize": {"x":0,"y":0,"w":126,"h":105},
	"sourceSize": {"w":126,"h":105}
},
"catapultaOff0018":
{
	"frame": {"x":1398,"y":173,"w":126,"h":105},
	"rotated": false,
	"trimmed": false,
	"spriteSourceSize": {"x":0,"y":0,"w":126,"h":105},
	"sourceSize": {"w":126,"h":105}
},
"catapultaOff0019":
{
	"frame": {"x":1525,"y":173,"w":126,"h":105},
	"rotated": false,
	"trimmed": false,
	"spriteSourceSize": {"x":0,"y":0,"w":126,"h":105},
	"sourceSize": {"w":126,"h":105}
},
"catapultaOff0020":
{
	"frame": {"x":1652,"y":173,"w":126,"h":105},
	"rotated": false,
	"trimmed": false,
	"spriteSourceSize": {"x":0,"y":0,"w":126,"h":105},
	"sourceSize": {"w":126,"h":105}
},
"catapultaOff0021":
{
	"frame": {"x":1779,"y":173,"w":126,"h":105},
	"rotated": false,
	"trimmed": false,
	"spriteSourceSize": {"x":0,"y":0,"w":126,"h":105},
	"sourceSize": {"w":126,"h":105}
},
"catapultaOff0022":
{
	"frame": {"x":1906,"y":173,"w":126,"h":105},
	"rotated": false,
	"trimmed": false,
	"spriteSourceSize": {"x":0,"y":0,"w":126,"h":105},
	"sourceSize": {"w":126,"h":105}
},
"catapultaOff0023":
{
	"frame": {"x":1,"y":279,"w":126,"h":105},
	"rotated": false,
	"trimmed": false,
	"spriteSourceSize": {"x":0,"y":0,"w":126,"h":105},
	"sourceSize": {"w":126,"h":105}
},
"catapultaOff0024":
{
	"frame": {"x":128,"y":279,"w":126,"h":105},
	"rotated": false,
	"trimmed": false,
	"spriteSourceSize": {"x":0,"y":0,"w":126,"h":105},
	"sourceSize": {"w":126,"h":105}
},
"catapultaOff0025":
{
	"frame": {"x":255,"y":279,"w":126,"h":105},
	"rotated": false,
	"trimmed": false,
	"spriteSourceSize": {"x":0,"y":0,"w":126,"h":105},
	"sourceSize": {"w":126,"h":105}
},
"catapultaOff0026":
{
	"frame": {"x":382,"y":279,"w":126,"h":105},
	"rotated": false,
	"trimmed": false,
	"spriteSourceSize": {"x":0,"y":0,"w":126,"h":105},
	"sourceSize": {"w":126,"h":105}
},
"catapultaOff0027":
{
	"frame": {"x":509,"y":279,"w":126,"h":105},
	"rotated": false,
	"trimmed": false,
	"spriteSourceSize": {"x":0,"y":0,"w":126,"h":105},
	"sourceSize": {"w":126,"h":105}
},
"catapultaOff0028":
{
	"frame": {"x":636,"y":279,"w":126,"h":105},
	"rotated": false,
	"trimmed": false,
	"spriteSourceSize": {"x":0,"y":0,"w":126,"h":105},
	"sourceSize": {"w":126,"h":105}
},
"catapultaOn0000":
{
	"frame": {"x":763,"y":279,"w":125,"h":105},
	"rotated": false,
	"trimmed": false,
	"spriteSourceSize": {"x":0,"y":0,"w":125,"h":105},
	"sourceSize": {"w":125,"h":105}
},
"catapultaOn0001":
{
	"frame": {"x":889,"y":279,"w":125,"h":105},
	"rotated": false,
	"trimmed": false,
	"spriteSourceSize": {"x":0,"y":0,"w":125,"h":105},
	"sourceSize": {"w":125,"h":105}
},
"closedDoor instance 10000":
{
	"frame": {"x":1015,"y":279,"w":130,"h":194},
	"rotated": false,
	"trimmed": false,
	"spriteSourceSize": {"x":0,"y":0,"w":130,"h":194},
	"sourceSize": {"w":130,"h":194}
},
"closedDoor instance 10001":
{
	"frame": {"x":1146,"y":279,"w":130,"h":194},
	"rotated": false,
	"trimmed": false,
	"spriteSourceSize": {"x":0,"y":0,"w":130,"h":194},
	"sourceSize": {"w":130,"h":194}
},
"door0000":
{
	"frame": {"x":1277,"y":279,"w":193,"h":194},
	"rotated": false,
	"trimmed": false,
	"spriteSourceSize": {"x":0,"y":0,"w":193,"h":194},
	"sourceSize": {"w":193,"h":194}
},
"door0001":
{
	"frame": {"x":1471,"y":279,"w":193,"h":194},
	"rotated": false,
	"trimmed": false,
	"spriteSourceSize": {"x":0,"y":0,"w":193,"h":194},
	"sourceSize": {"w":193,"h":194}
},
"energyStation instance 10000":
{
	"frame": {"x":1665,"y":279,"w":131,"h":171},
	"rotated": false,
	"trimmed": false,
	"spriteSourceSize": {"x":0,"y":0,"w":131,"h":171},
	"sourceSize": {"w":131,"h":171}
},
"energyStation instance 10001":
{
	"frame": {"x":1797,"y":279,"w":131,"h":171},
	"rotated": false,
	"trimmed": false,
	"spriteSourceSize": {"x":0,"y":0,"w":131,"h":171},
	"sourceSize": {"w":131,"h":171}
},
"energyStation instance 10002":
{
	"frame": {"x":1,"y":474,"w":131,"h":171},
	"rotated": false,
	"trimmed": false,
	"spriteSourceSize": {"x":0,"y":0,"w":131,"h":171},
	"sourceSize": {"w":131,"h":171}
},
"energyStation instance 10003":
{
	"frame": {"x":133,"y":474,"w":131,"h":171},
	"rotated": false,
	"trimmed": false,
	"spriteSourceSize": {"x":0,"y":0,"w":131,"h":171},
	"sourceSize": {"w":131,"h":171}
},
"energyStation instance 10004":
{
	"frame": {"x":265,"y":474,"w":131,"h":171},
	"rotated": false,
	"trimmed": false,
	"spriteSourceSize": {"x":0,"y":0,"w":131,"h":171},
	"sourceSize": {"w":131,"h":171}
},
"moneda_animation instance 10000":
{
	"frame": {"x":397,"y":474,"w":45,"h":44},
	"rotated": false,
	"trimmed": false,
	"spriteSourceSize": {"x":0,"y":0,"w":45,"h":44},
	"sourceSize": {"w":45,"h":44}
},
"moneda_animation instance 10001":
{
	"frame": {"x":443,"y":474,"w":45,"h":44},
	"rotated": false,
	"trimmed": false,
	"spriteSourceSize": {"x":0,"y":0,"w":45,"h":44},
	"sourceSize": {"w":45,"h":44}
},
"moneda_animation instance 10002":
{
	"frame": {"x":489,"y":474,"w":45,"h":44},
	"rotated": false,
	"trimmed": false,
	"spriteSourceSize": {"x":0,"y":0,"w":45,"h":44},
	"sourceSize": {"w":45,"h":44}
},
"moneda_animation instance 10003":
{
	"frame": {"x":535,"y":474,"w":45,"h":44},
	"rotated": false,
	"trimmed": false,
	"spriteSourceSize": {"x":0,"y":0,"w":45,"h":44},
	"sourceSize": {"w":45,"h":44}
},
"moneda_animation instance 10004":
{
	"frame": {"x":581,"y":474,"w":45,"h":44},
	"rotated": false,
	"trimmed": false,
	"spriteSourceSize": {"x":0,"y":0,"w":45,"h":44},
	"sourceSize": {"w":45,"h":44}
},
"moneda_animation instance 10005":
{
	"frame": {"x":627,"y":474,"w":45,"h":44},
	"rotated": false,
	"trimmed": false,
	"spriteSourceSize": {"x":0,"y":0,"w":45,"h":44},
	"sourceSize": {"w":45,"h":44}
},
"moneda_animation instance 10006":
{
	"frame": {"x":673,"y":474,"w":45,"h":44},
	"rotated": false,
	"trimmed": false,
	"spriteSourceSize": {"x":0,"y":0,"w":45,"h":44},
	"sourceSize": {"w":45,"h":44}
},
"moneda_animation instance 10007":
{
	"frame": {"x":719,"y":474,"w":45,"h":44},
	"rotated": false,
	"trimmed": false,
	"spriteSourceSize": {"x":0,"y":0,"w":45,"h":44},
	"sourceSize": {"w":45,"h":44}
},
"moneda_animation instance 10008":
{
	"frame": {"x":765,"y":474,"w":45,"h":44},
	"rotated": false,
	"trimmed": false,
	"spriteSourceSize": {"x":0,"y":0,"w":45,"h":44},
	"sourceSize": {"w":45,"h":44}
},
"moneda_animation instance 10009":
{
	"frame": {"x":811,"y":474,"w":45,"h":44},
	"rotated": false,
	"trimmed": false,
	"spriteSourceSize": {"x":0,"y":0,"w":45,"h":44},
	"sourceSize": {"w":45,"h":44}
},
"moneda_animation instance 10010":
{
	"frame": {"x":857,"y":474,"w":45,"h":44},
	"rotated": false,
	"trimmed": false,
	"spriteSourceSize": {"x":0,"y":0,"w":45,"h":44},
	"sourceSize": {"w":45,"h":44}
},
"moneda_animation instance 10011":
{
	"frame": {"x":903,"y":474,"w":45,"h":44},
	"rotated": false,
	"trimmed": false,
	"spriteSourceSize": {"x":0,"y":0,"w":45,"h":44},
	"sourceSize": {"w":45,"h":44}
},
"moneda_animation instance 10012":
{
	"frame": {"x":949,"y":474,"w":45,"h":44},
	"rotated": false,
	"trimmed": false,
	"spriteSourceSize": {"x":0,"y":0,"w":45,"h":44},
	"sourceSize": {"w":45,"h":44}
},
"moneda_animation instance 10013":
{
	"frame": {"x":995,"y":474,"w":45,"h":44},
	"rotated": false,
	"trimmed": false,
	"spriteSourceSize": {"x":0,"y":0,"w":45,"h":44},
	"sourceSize": {"w":45,"h":44}
},
"moneda_animation instance 10014":
{
	"frame": {"x":1041,"y":474,"w":45,"h":44},
	"rotated": false,
	"trimmed": false,
	"spriteSourceSize": {"x":0,"y":0,"w":45,"h":44},
	"sourceSize": {"w":45,"h":44}
},
"moneda_animation instance 10015":
{
	"frame": {"x":1087,"y":474,"w":45,"h":44},
	"rotated": false,
	"trimmed": false,
	"spriteSourceSize": {"x":0,"y":0,"w":45,"h":44},
	"sourceSize": {"w":45,"h":44}
},
"moneda_animation instance 10016":
{
	"frame": {"x":1133,"y":474,"w":45,"h":44},
	"rotated": false,
	"trimmed": false,
	"spriteSourceSize": {"x":0,"y":0,"w":45,"h":44},
	"sourceSize": {"w":45,"h":44}
},
"moneda_animation instance 10017":
{
	"frame": {"x":1179,"y":474,"w":45,"h":44},
	"rotated": false,
	"trimmed": false,
	"spriteSourceSize": {"x":0,"y":0,"w":45,"h":44},
	"sourceSize": {"w":45,"h":44}
},
"moneda_animation instance 10018":
{
	"frame": {"x":1225,"y":474,"w":45,"h":44},
	"rotated": false,
	"trimmed": false,
	"spriteSourceSize": {"x":0,"y":0,"w":45,"h":44},
	"sourceSize": {"w":45,"h":44}
},
"moneda_animation instance 10019":
{
	"frame": {"x":1271,"y":474,"w":45,"h":44},
	"rotated": false,
	"trimmed": false,
	"spriteSourceSize": {"x":0,"y":0,"w":45,"h":44},
	"sourceSize": {"w":45,"h":44}
},
"moneda_animation instance 10020":
{
	"frame": {"x":1317,"y":474,"w":45,"h":44},
	"rotated": false,
	"trimmed": false,
	"spriteSourceSize": {"x":0,"y":0,"w":45,"h":44},
	"sourceSize": {"w":45,"h":44}
},
"moneda_animation instance 10021":
{
	"frame": {"x":1363,"y":474,"w":45,"h":44},
	"rotated": false,
	"trimmed": false,
	"spriteSourceSize": {"x":0,"y":0,"w":45,"h":44},
	"sourceSize": {"w":45,"h":44}
},
"moneda_animation instance 10022":
{
	"frame": {"x":1409,"y":474,"w":45,"h":44},
	"rotated": false,
	"trimmed": false,
	"spriteSourceSize": {"x":0,"y":0,"w":45,"h":44},
	"sourceSize": {"w":45,"h":44}
},
"moneda_animation instance 10023":
{
	"frame": {"x":1455,"y":474,"w":45,"h":44},
	"rotated": false,
	"trimmed": false,
	"spriteSourceSize": {"x":0,"y":0,"w":45,"h":44},
	"sourceSize": {"w":45,"h":44}
},
"moneda_animation instance 10024":
{
	"frame": {"x":1501,"y":474,"w":45,"h":44},
	"rotated": false,
	"trimmed": false,
	"spriteSourceSize": {"x":0,"y":0,"w":45,"h":44},
	"sourceSize": {"w":45,"h":44}
},
"moneda_animation instance 10025":
{
	"frame": {"x":1547,"y":474,"w":45,"h":44},
	"rotated": false,
	"trimmed": false,
	"spriteSourceSize": {"x":0,"y":0,"w":45,"h":44},
	"sourceSize": {"w":45,"h":44}
},
"moneda_animation instance 10026":
{
	"frame": {"x":1593,"y":474,"w":45,"h":44},
	"rotated": false,
	"trimmed": false,
	"spriteSourceSize": {"x":0,"y":0,"w":45,"h":44},
	"sourceSize": {"w":45,"h":44}
},
"moneda_animation instance 10027":
{
	"frame": {"x":1639,"y":474,"w":45,"h":44},
	"rotated": false,
	"trimmed": false,
	"spriteSourceSize": {"x":0,"y":0,"w":45,"h":44},
	"sourceSize": {"w":45,"h":44}
},
"moneda_animation instance 10028":
{
	"frame": {"x":1685,"y":474,"w":45,"h":44},
	"rotated": false,
	"trimmed": false,
	"spriteSourceSize": {"x":0,"y":0,"w":45,"h":44},
	"sourceSize": {"w":45,"h":44}
},
"palanca0000":
{
	"frame": {"x":1731,"y":474,"w":65,"h":153},
	"rotated": false,
	"trimmed": false,
	"spriteSourceSize": {"x":0,"y":0,"w":65,"h":153},
	"sourceSize": {"w":65,"h":153}
},
"palanca0001":
{
	"frame": {"x":1797,"y":474,"w":65,"h":153},
	"rotated": false,
	"trimmed": false,
	"spriteSourceSize": {"x":0,"y":0,"w":65,"h":153},
	"sourceSize": {"w":65,"h":153}
},
"passCard instance 10000":
{
	"frame": {"x":1863,"y":474,"w":43,"h":56},
	"rotated": false,
	"trimmed": false,
	"spriteSourceSize": {"x":0,"y":0,"w":43,"h":56},
	"sourceSize": {"w":43,"h":56}
},
"platform0000":
{
	"frame": {"x":1,"y":646,"w":245,"h":65},
	"rotated": false,
	"trimmed": false,
	"spriteSourceSize": {"x":0,"y":0,"w":245,"h":65},
	"sourceSize": {"w":245,"h":65}
},
"platform0001":
{
	"frame": {"x":247,"y":646,"w":245,"h":65},
	"rotated": false,
	"trimmed": false,
	"spriteSourceSize": {"x":0,"y":0,"w":245,"h":65},
	"sourceSize": {"w":245,"h":65}
},
"platform0002":
{
	"frame": {"x":493,"y":646,"w":245,"h":65},
	"rotated": false,
	"trimmed": false,
	"spriteSourceSize": {"x":0,"y":0,"w":245,"h":65},
	"sourceSize": {"w":245,"h":65}
},
"platform0003":
{
	"frame": {"x":739,"y":646,"w":245,"h":65},
	"rotated": false,
	"trimmed": false,
	"spriteSourceSize": {"x":0,"y":0,"w":245,"h":65},
	"sourceSize": {"w":245,"h":65}
},
"platform0004":
{
	"frame": {"x":985,"y":646,"w":245,"h":65},
	"rotated": false,
	"trimmed": false,
	"spriteSourceSize": {"x":0,"y":0,"w":245,"h":65},
	"sourceSize": {"w":245,"h":65}
},
"platform0005":
{
	"frame": {"x":1231,"y":646,"w":245,"h":65},
	"rotated": false,
	"trimmed": false,
	"spriteSourceSize": {"x":0,"y":0,"w":245,"h":65},
	"sourceSize": {"w":245,"h":65}
},
"platform0006":
{
	"frame": {"x":1477,"y":646,"w":245,"h":65},
	"rotated": false,
	"trimmed": false,
	"spriteSourceSize": {"x":0,"y":0,"w":245,"h":65},
	"sourceSize": {"w":245,"h":65}
},
"platform0007":
{
	"frame": {"x":1723,"y":646,"w":245,"h":65},
	"rotated": false,
	"trimmed": false,
	"spriteSourceSize": {"x":0,"y":0,"w":245,"h":65},
	"sourceSize": {"w":245,"h":65}
},
"platform0008":
{
	"frame": {"x":1,"y":712,"w":245,"h":65},
	"rotated": false,
	"trimmed": false,
	"spriteSourceSize": {"x":0,"y":0,"w":245,"h":65},
	"sourceSize": {"w":245,"h":65}
},
"platform0009":
{
	"frame": {"x":247,"y":712,"w":245,"h":65},
	"rotated": false,
	"trimmed": false,
	"spriteSourceSize": {"x":0,"y":0,"w":245,"h":65},
	"sourceSize": {"w":245,"h":65}
},
"platform0010":
{
	"frame": {"x":493,"y":712,"w":245,"h":65},
	"rotated": false,
	"trimmed": false,
	"spriteSourceSize": {"x":0,"y":0,"w":245,"h":65},
	"sourceSize": {"w":245,"h":65}
},
"platform0011":
{
	"frame": {"x":739,"y":712,"w":245,"h":65},
	"rotated": false,
	"trimmed": false,
	"spriteSourceSize": {"x":0,"y":0,"w":245,"h":65},
	"sourceSize": {"w":245,"h":65}
},
"platform0012":
{
	"frame": {"x":985,"y":712,"w":245,"h":65},
	"rotated": false,
	"trimmed": false,
	"spriteSourceSize": {"x":0,"y":0,"w":245,"h":65},
	"sourceSize": {"w":245,"h":65}
},
"platform0013":
{
	"frame": {"x":1231,"y":712,"w":245,"h":65},
	"rotated": false,
	"trimmed": false,
	"spriteSourceSize": {"x":0,"y":0,"w":245,"h":65},
	"sourceSize": {"w":245,"h":65}
},
"platform0014":
{
	"frame": {"x":1477,"y":712,"w":245,"h":65},
	"rotated": false,
	"trimmed": false,
	"spriteSourceSize": {"x":0,"y":0,"w":245,"h":65},
	"sourceSize": {"w":245,"h":65}
},
"platform0015":
{
	"frame": {"x":1723,"y":712,"w":245,"h":65},
	"rotated": false,
	"trimmed": false,
	"spriteSourceSize": {"x":0,"y":0,"w":245,"h":65},
	"sourceSize": {"w":245,"h":65}
},
"platform0016":
{
	"frame": {"x":1,"y":778,"w":245,"h":65},
	"rotated": false,
	"trimmed": false,
	"spriteSourceSize": {"x":0,"y":0,"w":245,"h":65},
	"sourceSize": {"w":245,"h":65}
},
"platform0017":
{
	"frame": {"x":247,"y":778,"w":245,"h":65},
	"rotated": false,
	"trimmed": false,
	"spriteSourceSize": {"x":0,"y":0,"w":245,"h":65},
	"sourceSize": {"w":245,"h":65}
},
"platform0018":
{
	"frame": {"x":493,"y":778,"w":245,"h":65},
	"rotated": false,
	"trimmed": false,
	"spriteSourceSize": {"x":0,"y":0,"w":245,"h":65},
	"sourceSize": {"w":245,"h":65}
},
"platform0019":
{
	"frame": {"x":739,"y":778,"w":245,"h":65},
	"rotated": false,
	"trimmed": false,
	"spriteSourceSize": {"x":0,"y":0,"w":245,"h":65},
	"sourceSize": {"w":245,"h":65}
},
"platform20000":
{
	"frame": {"x":985,"y":778,"w":231,"h":61},
	"rotated": false,
	"trimmed": false,
	"spriteSourceSize": {"x":0,"y":0,"w":231,"h":61},
	"sourceSize": {"w":231,"h":61}
},
"platform20001":
{
	"frame": {"x":1217,"y":778,"w":231,"h":61},
	"rotated": false,
	"trimmed": false,
	"spriteSourceSize": {"x":0,"y":0,"w":231,"h":61},
	"sourceSize": {"w":231,"h":61}
},
"platform20002":
{
	"frame": {"x":1449,"y":778,"w":231,"h":61},
	"rotated": false,
	"trimmed": false,
	"spriteSourceSize": {"x":0,"y":0,"w":231,"h":61},
	"sourceSize": {"w":231,"h":61}
},
"platform20003":
{
	"frame": {"x":1681,"y":778,"w":231,"h":61},
	"rotated": false,
	"trimmed": false,
	"spriteSourceSize": {"x":0,"y":0,"w":231,"h":61},
	"sourceSize": {"w":231,"h":61}
},
"platform20004":
{
	"frame": {"x":1,"y":844,"w":231,"h":61},
	"rotated": false,
	"trimmed": false,
	"spriteSourceSize": {"x":0,"y":0,"w":231,"h":61},
	"sourceSize": {"w":231,"h":61}
},
"platform20005":
{
	"frame": {"x":233,"y":844,"w":231,"h":61},
	"rotated": false,
	"trimmed": false,
	"spriteSourceSize": {"x":0,"y":0,"w":231,"h":61},
	"sourceSize": {"w":231,"h":61}
},
"platform20006":
{
	"frame": {"x":465,"y":844,"w":231,"h":61},
	"rotated": false,
	"trimmed": false,
	"spriteSourceSize": {"x":0,"y":0,"w":231,"h":61},
	"sourceSize": {"w":231,"h":61}
},
"platform20007":
{
	"frame": {"x":697,"y":844,"w":231,"h":61},
	"rotated": false,
	"trimmed": false,
	"spriteSourceSize": {"x":0,"y":0,"w":231,"h":61},
	"sourceSize": {"w":231,"h":61}
},
"platform20008":
{
	"frame": {"x":929,"y":844,"w":231,"h":61},
	"rotated": false,
	"trimmed": false,
	"spriteSourceSize": {"x":0,"y":0,"w":231,"h":61},
	"sourceSize": {"w":231,"h":61}
},
"platform20009":
{
	"frame": {"x":1161,"y":844,"w":231,"h":61},
	"rotated": false,
	"trimmed": false,
	"spriteSourceSize": {"x":0,"y":0,"w":231,"h":61},
	"sourceSize": {"w":231,"h":61}
},
"platform20010":
{
	"frame": {"x":1393,"y":844,"w":231,"h":61},
	"rotated": false,
	"trimmed": false,
	"spriteSourceSize": {"x":0,"y":0,"w":231,"h":61},
	"sourceSize": {"w":231,"h":61}
},
"platform20011":
{
	"frame": {"x":1625,"y":844,"w":231,"h":61},
	"rotated": false,
	"trimmed": false,
	"spriteSourceSize": {"x":0,"y":0,"w":231,"h":61},
	"sourceSize": {"w":231,"h":61}
},
"platform20012":
{
	"frame": {"x":1,"y":906,"w":231,"h":61},
	"rotated": false,
	"trimmed": false,
	"spriteSourceSize": {"x":0,"y":0,"w":231,"h":61},
	"sourceSize": {"w":231,"h":61}
},
"platform20013":
{
	"frame": {"x":233,"y":906,"w":231,"h":61},
	"rotated": false,
	"trimmed": false,
	"spriteSourceSize": {"x":0,"y":0,"w":231,"h":61},
	"sourceSize": {"w":231,"h":61}
},
"platform20014":
{
	"frame": {"x":465,"y":906,"w":231,"h":61},
	"rotated": false,
	"trimmed": false,
	"spriteSourceSize": {"x":0,"y":0,"w":231,"h":61},
	"sourceSize": {"w":231,"h":61}
},
"platform20015":
{
	"frame": {"x":697,"y":906,"w":231,"h":61},
	"rotated": false,
	"trimmed": false,
	"spriteSourceSize": {"x":0,"y":0,"w":231,"h":61},
	"sourceSize": {"w":231,"h":61}
},
"platform20016":
{
	"frame": {"x":929,"y":906,"w":231,"h":61},
	"rotated": false,
	"trimmed": false,
	"spriteSourceSize": {"x":0,"y":0,"w":231,"h":61},
	"sourceSize": {"w":231,"h":61}
},
"platform20017":
{
	"frame": {"x":1161,"y":906,"w":231,"h":61},
	"rotated": false,
	"trimmed": false,
	"spriteSourceSize": {"x":0,"y":0,"w":231,"h":61},
	"sourceSize": {"w":231,"h":61}
},
"platform20018":
{
	"frame": {"x":1393,"y":906,"w":231,"h":61},
	"rotated": false,
	"trimmed": false,
	"spriteSourceSize": {"x":0,"y":0,"w":231,"h":61},
	"sourceSize": {"w":231,"h":61}
},
"platform20019":
{
	"frame": {"x":1625,"y":906,"w":231,"h":61},
	"rotated": false,
	"trimmed": false,
	"spriteSourceSize": {"x":0,"y":0,"w":231,"h":61},
	"sourceSize": {"w":231,"h":61}
},
"platform20020":
{
	"frame": {"x":1,"y":968,"w":231,"h":61},
	"rotated": false,
	"trimmed": false,
	"spriteSourceSize": {"x":0,"y":0,"w":231,"h":61},
	"sourceSize": {"w":231,"h":61}
},
"platform20021":
{
	"frame": {"x":233,"y":968,"w":231,"h":61},
	"rotated": false,
	"trimmed": false,
	"spriteSourceSize": {"x":0,"y":0,"w":231,"h":61},
	"sourceSize": {"w":231,"h":61}
},
"platform20022":
{
	"frame": {"x":465,"y":968,"w":231,"h":61},
	"rotated": false,
	"trimmed": false,
	"spriteSourceSize": {"x":0,"y":0,"w":231,"h":61},
	"sourceSize": {"w":231,"h":61}
},
"platform20023":
{
	"frame": {"x":697,"y":968,"w":231,"h":61},
	"rotated": false,
	"trimmed": false,
	"spriteSourceSize": {"x":0,"y":0,"w":231,"h":61},
	"sourceSize": {"w":231,"h":61}
},
"platform20024":
{
	"frame": {"x":929,"y":968,"w":231,"h":61},
	"rotated": false,
	"trimmed": false,
	"spriteSourceSize": {"x":0,"y":0,"w":231,"h":61},
	"sourceSize": {"w":231,"h":61}
},
"platform20025":
{
	"frame": {"x":1161,"y":968,"w":231,"h":61},
	"rotated": false,
	"trimmed": false,
	"spriteSourceSize": {"x":0,"y":0,"w":231,"h":61},
	"sourceSize": {"w":231,"h":61}
},
"platform20026":
{
	"frame": {"x":1393,"y":968,"w":231,"h":61},
	"rotated": false,
	"trimmed": false,
	"spriteSourceSize": {"x":0,"y":0,"w":231,"h":61},
	"sourceSize": {"w":231,"h":61}
},
"platform20027":
{
	"frame": {"x":1625,"y":968,"w":231,"h":61},
	"rotated": false,
	"trimmed": false,
	"spriteSourceSize": {"x":0,"y":0,"w":231,"h":61},
	"sourceSize": {"w":231,"h":61}
},
"platform20028":
{
	"frame": {"x":1,"y":1030,"w":231,"h":61},
	"rotated": false,
	"trimmed": false,
	"spriteSourceSize": {"x":0,"y":0,"w":231,"h":61},
	"sourceSize": {"w":231,"h":61}
},
"rdytext0000":
{
	"frame": {"x":233,"y":1030,"w":124,"h":48},
	"rotated": false,
	"trimmed": false,
	"spriteSourceSize": {"x":0,"y":0,"w":124,"h":48},
	"sourceSize": {"w":124,"h":48}
},
"rdytext0001":
{
	"frame": {"x":358,"y":1030,"w":124,"h":48},
	"rotated": false,
	"trimmed": false,
	"spriteSourceSize": {"x":0,"y":0,"w":124,"h":48},
	"sourceSize": {"w":124,"h":48}
},
"saw0000":
{
	"frame": {"x":483,"y":1030,"w":193,"h":176},
	"rotated": false,
	"trimmed": true,
	"spriteSourceSize": {"x":0,"y":2,"w":195,"h":180},
	"sourceSize": {"w":195,"h":180}
},
"saw0001":
{
	"frame": {"x":677,"y":1030,"w":195,"h":179},
	"rotated": false,
	"trimmed": true,
	"spriteSourceSize": {"x":0,"y":1,"w":195,"h":180},
	"sourceSize": {"w":195,"h":180}
},
"saw0002":
{
	"frame": {"x":873,"y":1030,"w":193,"h":176},
	"rotated": false,
	"trimmed": true,
	"spriteSourceSize": {"x":0,"y":2,"w":195,"h":180},
	"sourceSize": {"w":195,"h":180}
},
"saw0003":
{
	"frame": {"x":1067,"y":1030,"w":194,"h":180},
	"rotated": false,
	"trimmed": true,
	"spriteSourceSize": {"x":0,"y":0,"w":195,"h":180},
	"sourceSize": {"w":195,"h":180}
},
"shieldBtn instance 10000":
{
	"frame": {"x":1262,"y":1030,"w":148,"h":158},
	"rotated": false,
	"trimmed": false,
	"spriteSourceSize": {"x":0,"y":0,"w":148,"h":158},
	"sourceSize": {"w":148,"h":158}
},
"shootBtn instance 10000":
{
	"frame": {"x":1411,"y":1030,"w":148,"h":159},
	"rotated": false,
	"trimmed": false,
	"spriteSourceSize": {"x":0,"y":0,"w":148,"h":159},
	"sourceSize": {"w":148,"h":159}
},
"shootBtn instance 10001":
{
	"frame": {"x":1560,"y":1030,"w":148,"h":159},
	"rotated": false,
	"trimmed": false,
	"spriteSourceSize": {"x":0,"y":0,"w":148,"h":159},
	"sourceSize": {"w":148,"h":159}
},
"smallDorr instance 10000":
{
	"frame": {"x":1709,"y":1030,"w":130,"h":194},
	"rotated": false,
	"trimmed": false,
	"spriteSourceSize": {"x":0,"y":0,"w":130,"h":194},
	"sourceSize": {"w":130,"h":194}
},
"tarjeta_llave_animation instance 10000":
{
	"frame": {"x":1840,"y":1030,"w":91,"h":72},
	"rotated": false,
	"trimmed": false,
	"spriteSourceSize": {"x":0,"y":0,"w":91,"h":72},
	"sourceSize": {"w":91,"h":72}
},
"tarjeta_llave_animation instance 10001":
{
	"frame": {"x":1932,"y":1030,"w":91,"h":72},
	"rotated": false,
	"trimmed": false,
	"spriteSourceSize": {"x":0,"y":0,"w":91,"h":72},
	"sourceSize": {"w":91,"h":72}
},
"tarjeta_llave_animation instance 10002":
{
	"frame": {"x":1,"y":1225,"w":91,"h":72},
	"rotated": false,
	"trimmed": false,
	"spriteSourceSize": {"x":0,"y":0,"w":91,"h":72},
	"sourceSize": {"w":91,"h":72}
},
"tarjeta_llave_animation instance 10003":
{
	"frame": {"x":93,"y":1225,"w":91,"h":72},
	"rotated": false,
	"trimmed": false,
	"spriteSourceSize": {"x":0,"y":0,"w":91,"h":72},
	"sourceSize": {"w":91,"h":72}
},
"tarjeta_llave_animation instance 10004":
{
	"frame": {"x":185,"y":1225,"w":91,"h":72},
	"rotated": false,
	"trimmed": false,
	"spriteSourceSize": {"x":0,"y":0,"w":91,"h":72},
	"sourceSize": {"w":91,"h":72}
},
"tarjeta_llave_animation instance 10005":
{
	"frame": {"x":277,"y":1225,"w":91,"h":72},
	"rotated": false,
	"trimmed": false,
	"spriteSourceSize": {"x":0,"y":0,"w":91,"h":72},
	"sourceSize": {"w":91,"h":72}
},
"tarjeta_llave_animation instance 10006":
{
	"frame": {"x":369,"y":1225,"w":91,"h":72},
	"rotated": false,
	"trimmed": false,
	"spriteSourceSize": {"x":0,"y":0,"w":91,"h":72},
	"sourceSize": {"w":91,"h":72}
},
"tarjeta_llave_animation instance 10007":
{
	"frame": {"x":461,"y":1225,"w":91,"h":72},
	"rotated": false,
	"trimmed": false,
	"spriteSourceSize": {"x":0,"y":0,"w":91,"h":72},
	"sourceSize": {"w":91,"h":72}
},
"tarjeta_llave_animation instance 10008":
{
	"frame": {"x":553,"y":1225,"w":91,"h":72},
	"rotated": false,
	"trimmed": false,
	"spriteSourceSize": {"x":0,"y":0,"w":91,"h":72},
	"sourceSize": {"w":91,"h":72}
},
"tarjeta_llave_animation instance 10009":
{
	"frame": {"x":645,"y":1225,"w":91,"h":72},
	"rotated": false,
	"trimmed": false,
	"spriteSourceSize": {"x":0,"y":0,"w":91,"h":72},
	"sourceSize": {"w":91,"h":72}
},
"tarjeta_llave_animation instance 10010":
{
	"frame": {"x":737,"y":1225,"w":91,"h":72},
	"rotated": false,
	"trimmed": false,
	"spriteSourceSize": {"x":0,"y":0,"w":91,"h":72},
	"sourceSize": {"w":91,"h":72}
},
"tarjeta_llave_animation instance 10011":
{
	"frame": {"x":829,"y":1225,"w":91,"h":72},
	"rotated": false,
	"trimmed": false,
	"spriteSourceSize": {"x":0,"y":0,"w":91,"h":72},
	"sourceSize": {"w":91,"h":72}
},
"tarjeta_llave_animation instance 10012":
{
	"frame": {"x":921,"y":1225,"w":91,"h":72},
	"rotated": false,
	"trimmed": false,
	"spriteSourceSize": {"x":0,"y":0,"w":91,"h":72},
	"sourceSize": {"w":91,"h":72}
},
"tarjeta_llave_animation instance 10013":
{
	"frame": {"x":1013,"y":1225,"w":91,"h":72},
	"rotated": false,
	"trimmed": false,
	"spriteSourceSize": {"x":0,"y":0,"w":91,"h":72},
	"sourceSize": {"w":91,"h":72}
},
"tarjeta_llave_animation instance 10014":
{
	"frame": {"x":1105,"y":1225,"w":91,"h":72},
	"rotated": false,
	"trimmed": false,
	"spriteSourceSize": {"x":0,"y":0,"w":91,"h":72},
	"sourceSize": {"w":91,"h":72}
},
"tarjeta_llave_animation instance 10015":
{
	"frame": {"x":1197,"y":1225,"w":91,"h":72},
	"rotated": false,
	"trimmed": false,
	"spriteSourceSize": {"x":0,"y":0,"w":91,"h":72},
	"sourceSize": {"w":91,"h":72}
},
"tarjeta_llave_animation instance 10016":
{
	"frame": {"x":1289,"y":1225,"w":91,"h":72},
	"rotated": false,
	"trimmed": false,
	"spriteSourceSize": {"x":0,"y":0,"w":91,"h":72},
	"sourceSize": {"w":91,"h":72}
},
"tarjeta_llave_animation instance 10017":
{
	"frame": {"x":1381,"y":1225,"w":91,"h":72},
	"rotated": false,
	"trimmed": false,
	"spriteSourceSize": {"x":0,"y":0,"w":91,"h":72},
	"sourceSize": {"w":91,"h":72}
},
"tarjeta_llave_animation instance 10018":
{
	"frame": {"x":1473,"y":1225,"w":91,"h":72},
	"rotated": false,
	"trimmed": false,
	"spriteSourceSize": {"x":0,"y":0,"w":91,"h":72},
	"sourceSize": {"w":91,"h":72}
},
"tarjeta_llave_animation instance 10019":
{
	"frame": {"x":1565,"y":1225,"w":91,"h":72},
	"rotated": false,
	"trimmed": false,
	"spriteSourceSize": {"x":0,"y":0,"w":91,"h":72},
	"sourceSize": {"w":91,"h":72}
},
"tarjeta_llave_animation instance 10020":
{
	"frame": {"x":1657,"y":1225,"w":91,"h":72},
	"rotated": false,
	"trimmed": false,
	"spriteSourceSize": {"x":0,"y":0,"w":91,"h":72},
	"sourceSize": {"w":91,"h":72}
},
"tarjeta_llave_animation instance 10021":
{
	"frame": {"x":1749,"y":1225,"w":91,"h":72},
	"rotated": false,
	"trimmed": false,
	"spriteSourceSize": {"x":0,"y":0,"w":91,"h":72},
	"sourceSize": {"w":91,"h":72}
},
"tarjeta_llave_animation instance 10022":
{
	"frame": {"x":1841,"y":1225,"w":91,"h":72},
	"rotated": false,
	"trimmed": false,
	"spriteSourceSize": {"x":0,"y":0,"w":91,"h":72},
	"sourceSize": {"w":91,"h":72}
},
"tarjeta_llave_animation instance 10023":
{
	"frame": {"x":1933,"y":1225,"w":91,"h":72},
	"rotated": false,
	"trimmed": false,
	"spriteSourceSize": {"x":0,"y":0,"w":91,"h":72},
	"sourceSize": {"w":91,"h":72}
},
"tarjeta_llave_animation instance 10024":
{
	"frame": {"x":1,"y":1298,"w":91,"h":72},
	"rotated": false,
	"trimmed": false,
	"spriteSourceSize": {"x":0,"y":0,"w":91,"h":72},
	"sourceSize": {"w":91,"h":72}
},
"tarjeta_llave_animation instance 10025":
{
	"frame": {"x":93,"y":1298,"w":91,"h":72},
	"rotated": false,
	"trimmed": false,
	"spriteSourceSize": {"x":0,"y":0,"w":91,"h":72},
	"sourceSize": {"w":91,"h":72}
},
"tarjeta_llave_animation instance 10026":
{
	"frame": {"x":185,"y":1298,"w":91,"h":72},
	"rotated": false,
	"trimmed": false,
	"spriteSourceSize": {"x":0,"y":0,"w":91,"h":72},
	"sourceSize": {"w":91,"h":72}
},
"wallBtn instance 10000":
{
	"frame": {"x":277,"y":1298,"w":147,"h":158},
	"rotated": false,
	"trimmed": false,
	"spriteSourceSize": {"x":0,"y":0,"w":147,"h":158},
	"sourceSize": {"w":147,"h":158}
}},
"meta": {
	"app": "Adobe Animate",
	"version": "19.2.1.408",
	"image": "props.png",
	"format": "RGBA8888",
	"size": {"w":2048,"h":2048},
	"scale": "1"
}
}
