﻿{"frames": {

"camina0000":
{
	"frame": {"x":1,"y":1,"w":100,"h":82},
	"rotated": false,
	"trimmed": false,
	"spriteSourceSize": {"x":0,"y":0,"w":100,"h":82},
	"sourceSize": {"w":100,"h":82}
},
"camina0001":
{
	"frame": {"x":102,"y":1,"w":100,"h":82},
	"rotated": false,
	"trimmed": false,
	"spriteSourceSize": {"x":0,"y":0,"w":100,"h":82},
	"sourceSize": {"w":100,"h":82}
},
"camina0002":
{
	"frame": {"x":203,"y":1,"w":100,"h":82},
	"rotated": false,
	"trimmed": false,
	"spriteSourceSize": {"x":0,"y":0,"w":100,"h":82},
	"sourceSize": {"w":100,"h":82}
},
"camina0003":
{
	"frame": {"x":304,"y":1,"w":100,"h":82},
	"rotated": false,
	"trimmed": false,
	"spriteSourceSize": {"x":0,"y":0,"w":100,"h":82},
	"sourceSize": {"w":100,"h":82}
},
"camina0004":
{
	"frame": {"x":405,"y":1,"w":100,"h":82},
	"rotated": false,
	"trimmed": false,
	"spriteSourceSize": {"x":0,"y":0,"w":100,"h":82},
	"sourceSize": {"w":100,"h":82}
},
"camina0005":
{
	"frame": {"x":1,"y":84,"w":100,"h":82},
	"rotated": false,
	"trimmed": false,
	"spriteSourceSize": {"x":0,"y":0,"w":100,"h":82},
	"sourceSize": {"w":100,"h":82}
},
"camina0006":
{
	"frame": {"x":102,"y":84,"w":100,"h":82},
	"rotated": false,
	"trimmed": false,
	"spriteSourceSize": {"x":0,"y":0,"w":100,"h":82},
	"sourceSize": {"w":100,"h":82}
},
"camina0007":
{
	"frame": {"x":203,"y":84,"w":100,"h":82},
	"rotated": false,
	"trimmed": false,
	"spriteSourceSize": {"x":0,"y":0,"w":100,"h":82},
	"sourceSize": {"w":100,"h":82}
},
"camina0008":
{
	"frame": {"x":304,"y":84,"w":100,"h":82},
	"rotated": false,
	"trimmed": false,
	"spriteSourceSize": {"x":0,"y":0,"w":100,"h":82},
	"sourceSize": {"w":100,"h":82}
},
"camina0009":
{
	"frame": {"x":405,"y":84,"w":100,"h":82},
	"rotated": false,
	"trimmed": false,
	"spriteSourceSize": {"x":0,"y":0,"w":100,"h":82},
	"sourceSize": {"w":100,"h":82}
},
"camina0010":
{
	"frame": {"x":1,"y":167,"w":100,"h":82},
	"rotated": false,
	"trimmed": false,
	"spriteSourceSize": {"x":0,"y":0,"w":100,"h":82},
	"sourceSize": {"w":100,"h":82}
},
"camina0011":
{
	"frame": {"x":102,"y":167,"w":100,"h":82},
	"rotated": false,
	"trimmed": false,
	"spriteSourceSize": {"x":0,"y":0,"w":100,"h":82},
	"sourceSize": {"w":100,"h":82}
},
"camina0012":
{
	"frame": {"x":203,"y":167,"w":100,"h":82},
	"rotated": false,
	"trimmed": false,
	"spriteSourceSize": {"x":0,"y":0,"w":100,"h":82},
	"sourceSize": {"w":100,"h":82}
},
"camina0013":
{
	"frame": {"x":304,"y":167,"w":100,"h":82},
	"rotated": false,
	"trimmed": false,
	"spriteSourceSize": {"x":0,"y":0,"w":100,"h":82},
	"sourceSize": {"w":100,"h":82}
},
"camina0014":
{
	"frame": {"x":405,"y":167,"w":100,"h":82},
	"rotated": false,
	"trimmed": false,
	"spriteSourceSize": {"x":0,"y":0,"w":100,"h":82},
	"sourceSize": {"w":100,"h":82}
},
"camina0015":
{
	"frame": {"x":1,"y":250,"w":100,"h":82},
	"rotated": false,
	"trimmed": false,
	"spriteSourceSize": {"x":0,"y":0,"w":100,"h":82},
	"sourceSize": {"w":100,"h":82}
},
"camina0016":
{
	"frame": {"x":102,"y":250,"w":100,"h":82},
	"rotated": false,
	"trimmed": false,
	"spriteSourceSize": {"x":0,"y":0,"w":100,"h":82},
	"sourceSize": {"w":100,"h":82}
},
"camina0017":
{
	"frame": {"x":203,"y":250,"w":100,"h":82},
	"rotated": false,
	"trimmed": false,
	"spriteSourceSize": {"x":0,"y":0,"w":100,"h":82},
	"sourceSize": {"w":100,"h":82}
},
"camina0018":
{
	"frame": {"x":304,"y":250,"w":100,"h":82},
	"rotated": false,
	"trimmed": false,
	"spriteSourceSize": {"x":0,"y":0,"w":100,"h":82},
	"sourceSize": {"w":100,"h":82}
},
"camina0019":
{
	"frame": {"x":405,"y":250,"w":100,"h":82},
	"rotated": false,
	"trimmed": false,
	"spriteSourceSize": {"x":0,"y":0,"w":100,"h":82},
	"sourceSize": {"w":100,"h":82}
},
"idle0000":
{
	"frame": {"x":1,"y":333,"w":98,"h":81},
	"rotated": false,
	"trimmed": false,
	"spriteSourceSize": {"x":0,"y":0,"w":98,"h":81},
	"sourceSize": {"w":98,"h":81}
},
"idle0001":
{
	"frame": {"x":100,"y":333,"w":98,"h":81},
	"rotated": false,
	"trimmed": false,
	"spriteSourceSize": {"x":0,"y":0,"w":98,"h":81},
	"sourceSize": {"w":98,"h":81}
},
"idle0002":
{
	"frame": {"x":199,"y":333,"w":98,"h":81},
	"rotated": false,
	"trimmed": false,
	"spriteSourceSize": {"x":0,"y":0,"w":98,"h":81},
	"sourceSize": {"w":98,"h":81}
},
"idle0003":
{
	"frame": {"x":298,"y":333,"w":98,"h":81},
	"rotated": false,
	"trimmed": false,
	"spriteSourceSize": {"x":0,"y":0,"w":98,"h":81},
	"sourceSize": {"w":98,"h":81}
},
"idle0004":
{
	"frame": {"x":397,"y":333,"w":98,"h":81},
	"rotated": false,
	"trimmed": false,
	"spriteSourceSize": {"x":0,"y":0,"w":98,"h":81},
	"sourceSize": {"w":98,"h":81}
},
"idle0005":
{
	"frame": {"x":1,"y":415,"w":98,"h":81},
	"rotated": false,
	"trimmed": false,
	"spriteSourceSize": {"x":0,"y":0,"w":98,"h":81},
	"sourceSize": {"w":98,"h":81}
},
"idle0006":
{
	"frame": {"x":100,"y":415,"w":98,"h":81},
	"rotated": false,
	"trimmed": false,
	"spriteSourceSize": {"x":0,"y":0,"w":98,"h":81},
	"sourceSize": {"w":98,"h":81}
},
"idle0007":
{
	"frame": {"x":199,"y":415,"w":98,"h":81},
	"rotated": false,
	"trimmed": false,
	"spriteSourceSize": {"x":0,"y":0,"w":98,"h":81},
	"sourceSize": {"w":98,"h":81}
},
"idle0008":
{
	"frame": {"x":298,"y":415,"w":98,"h":81},
	"rotated": false,
	"trimmed": false,
	"spriteSourceSize": {"x":0,"y":0,"w":98,"h":81},
	"sourceSize": {"w":98,"h":81}
},
"idle0009":
{
	"frame": {"x":397,"y":415,"w":98,"h":81},
	"rotated": false,
	"trimmed": false,
	"spriteSourceSize": {"x":0,"y":0,"w":98,"h":81},
	"sourceSize": {"w":98,"h":81}
},
"idle0010":
{
	"frame": {"x":1,"y":497,"w":98,"h":81},
	"rotated": false,
	"trimmed": false,
	"spriteSourceSize": {"x":0,"y":0,"w":98,"h":81},
	"sourceSize": {"w":98,"h":81}
},
"idle0011":
{
	"frame": {"x":100,"y":497,"w":98,"h":81},
	"rotated": false,
	"trimmed": false,
	"spriteSourceSize": {"x":0,"y":0,"w":98,"h":81},
	"sourceSize": {"w":98,"h":81}
},
"idle0012":
{
	"frame": {"x":199,"y":497,"w":98,"h":81},
	"rotated": false,
	"trimmed": false,
	"spriteSourceSize": {"x":0,"y":0,"w":98,"h":81},
	"sourceSize": {"w":98,"h":81}
},
"idle0013":
{
	"frame": {"x":298,"y":497,"w":98,"h":81},
	"rotated": false,
	"trimmed": false,
	"spriteSourceSize": {"x":0,"y":0,"w":98,"h":81},
	"sourceSize": {"w":98,"h":81}
},
"idle0014":
{
	"frame": {"x":397,"y":497,"w":98,"h":81},
	"rotated": false,
	"trimmed": false,
	"spriteSourceSize": {"x":0,"y":0,"w":98,"h":81},
	"sourceSize": {"w":98,"h":81}
},
"puas0000":
{
	"frame": {"x":1,"y":579,"w":99,"h":81},
	"rotated": false,
	"trimmed": false,
	"spriteSourceSize": {"x":0,"y":0,"w":99,"h":81},
	"sourceSize": {"w":99,"h":81}
},
"puas0001":
{
	"frame": {"x":101,"y":579,"w":99,"h":81},
	"rotated": false,
	"trimmed": false,
	"spriteSourceSize": {"x":0,"y":0,"w":99,"h":81},
	"sourceSize": {"w":99,"h":81}
},
"puas0002":
{
	"frame": {"x":201,"y":579,"w":99,"h":81},
	"rotated": false,
	"trimmed": false,
	"spriteSourceSize": {"x":0,"y":0,"w":99,"h":81},
	"sourceSize": {"w":99,"h":81}
},
"puas0003":
{
	"frame": {"x":301,"y":579,"w":99,"h":81},
	"rotated": false,
	"trimmed": false,
	"spriteSourceSize": {"x":0,"y":0,"w":99,"h":81},
	"sourceSize": {"w":99,"h":81}
},
"puas0004":
{
	"frame": {"x":401,"y":579,"w":99,"h":81},
	"rotated": false,
	"trimmed": false,
	"spriteSourceSize": {"x":0,"y":0,"w":99,"h":81},
	"sourceSize": {"w":99,"h":81}
},
"puas0005":
{
	"frame": {"x":1,"y":661,"w":99,"h":81},
	"rotated": false,
	"trimmed": false,
	"spriteSourceSize": {"x":0,"y":0,"w":99,"h":81},
	"sourceSize": {"w":99,"h":81}
},
"puas0006":
{
	"frame": {"x":101,"y":661,"w":99,"h":81},
	"rotated": false,
	"trimmed": false,
	"spriteSourceSize": {"x":0,"y":0,"w":99,"h":81},
	"sourceSize": {"w":99,"h":81}
},
"puas0007":
{
	"frame": {"x":201,"y":661,"w":99,"h":81},
	"rotated": false,
	"trimmed": false,
	"spriteSourceSize": {"x":0,"y":0,"w":99,"h":81},
	"sourceSize": {"w":99,"h":81}
},
"puas0008":
{
	"frame": {"x":301,"y":661,"w":99,"h":81},
	"rotated": false,
	"trimmed": false,
	"spriteSourceSize": {"x":0,"y":0,"w":99,"h":81},
	"sourceSize": {"w":99,"h":81}
},
"puas0009":
{
	"frame": {"x":401,"y":661,"w":99,"h":81},
	"rotated": false,
	"trimmed": false,
	"spriteSourceSize": {"x":0,"y":0,"w":99,"h":81},
	"sourceSize": {"w":99,"h":81}
},
"puas0010":
{
	"frame": {"x":1,"y":743,"w":99,"h":81},
	"rotated": false,
	"trimmed": false,
	"spriteSourceSize": {"x":0,"y":0,"w":99,"h":81},
	"sourceSize": {"w":99,"h":81}
},
"puas0011":
{
	"frame": {"x":101,"y":743,"w":99,"h":81},
	"rotated": false,
	"trimmed": false,
	"spriteSourceSize": {"x":0,"y":0,"w":99,"h":81},
	"sourceSize": {"w":99,"h":81}
},
"puas0012":
{
	"frame": {"x":201,"y":743,"w":99,"h":81},
	"rotated": false,
	"trimmed": false,
	"spriteSourceSize": {"x":0,"y":0,"w":99,"h":81},
	"sourceSize": {"w":99,"h":81}
},
"puas0013":
{
	"frame": {"x":301,"y":743,"w":99,"h":81},
	"rotated": false,
	"trimmed": false,
	"spriteSourceSize": {"x":0,"y":0,"w":99,"h":81},
	"sourceSize": {"w":99,"h":81}
},
"puas0014":
{
	"frame": {"x":401,"y":743,"w":99,"h":81},
	"rotated": false,
	"trimmed": false,
	"spriteSourceSize": {"x":0,"y":0,"w":99,"h":81},
	"sourceSize": {"w":99,"h":81}
},
"puas0015":
{
	"frame": {"x":1,"y":825,"w":99,"h":81},
	"rotated": false,
	"trimmed": false,
	"spriteSourceSize": {"x":0,"y":0,"w":99,"h":81},
	"sourceSize": {"w":99,"h":81}
},
"puas0016":
{
	"frame": {"x":101,"y":825,"w":99,"h":81},
	"rotated": false,
	"trimmed": false,
	"spriteSourceSize": {"x":0,"y":0,"w":99,"h":81},
	"sourceSize": {"w":99,"h":81}
},
"puas0017":
{
	"frame": {"x":201,"y":825,"w":99,"h":81},
	"rotated": false,
	"trimmed": false,
	"spriteSourceSize": {"x":0,"y":0,"w":99,"h":81},
	"sourceSize": {"w":99,"h":81}
},
"puas0018":
{
	"frame": {"x":301,"y":825,"w":99,"h":81},
	"rotated": false,
	"trimmed": false,
	"spriteSourceSize": {"x":0,"y":0,"w":99,"h":81},
	"sourceSize": {"w":99,"h":81}
},
"puas0019":
{
	"frame": {"x":401,"y":825,"w":99,"h":81},
	"rotated": false,
	"trimmed": false,
	"spriteSourceSize": {"x":0,"y":0,"w":99,"h":81},
	"sourceSize": {"w":99,"h":81}
}},
"meta": {
	"app": "Adobe Animate",
	"version": "19.2.1.408",
	"image": "puerco espin.png",
	"format": "RGBA8888",
	"size": {"w":512,"h":1024},
	"scale": "1"
}
}
