﻿{"frames": {

"SpikeOff0000":
{
	"frame": {"x":1,"y":1,"w":16,"h":25},
	"rotated": false,
	"trimmed": false,
	"spriteSourceSize": {"x":0,"y":0,"w":16,"h":25},
	"sourceSize": {"w":16,"h":25}
},
"SpikeOn0000":
{
	"frame": {"x":18,"y":1,"w":16,"h":29},
	"rotated": false,
	"trimmed": false,
	"spriteSourceSize": {"x":0,"y":0,"w":16,"h":29},
	"sourceSize": {"w":16,"h":29}
},
"SpikeOn0001":
{
	"frame": {"x":35,"y":1,"w":16,"h":29},
	"rotated": false,
	"trimmed": false,
	"spriteSourceSize": {"x":0,"y":0,"w":16,"h":29},
	"sourceSize": {"w":16,"h":29}
}},
"meta": {
	"app": "Adobe Animate",
	"version": "19.2.1.408",
	"image": "spike.png",
	"format": "RGBA8888",
	"size": {"w":64,"h":32},
	"scale": "1"
}
}
