{"frames": {

"traverso1.png":
{
	"frame": {"x":2,"y":2,"w":58,"h":75},
	"rotated": false,
	"trimmed": true,
	"spriteSourceSize": {"x":3,"y":2,"w":58,"h":75},
	"sourceSize": {"w":64,"h":81}
},
"traverso2.png":
{
	"frame": {"x":2,"y":79,"w":58,"h":75},
	"rotated": false,
	"trimmed": true,
	"spriteSourceSize": {"x":3,"y":2,"w":58,"h":75},
	"sourceSize": {"w":64,"h":81}
}},
"meta": {
	"app": "http://www.codeandweb.com/texturepacker ",
	"version": "1.0",
	"image": "traversoFly.png",
	"format": "RGBA8888",
	"size": {"w":62,"h":156},
	"scale": "1",
	"smartupdate": "$TexturePacker:SmartUpdate:fcbadc90f2835c1d982520ba68dda158:324eacc944d1063dbbc2b0b7464d5cff:9ed6a5d9ecb4a7ba9d9b4f9c8feef74e$"
}
}
