﻿{"frames": {

"idle0000":
{
	"frame": {"x":1,"y":1,"w":51,"h":72},
	"rotated": false,
	"trimmed": true,
	"spriteSourceSize": {"x":0,"y":1,"w":51,"h":73},
	"sourceSize": {"w":51,"h":73}
},
"idle0001":
{
	"frame": {"x":53,"y":1,"w":51,"h":72},
	"rotated": false,
	"trimmed": true,
	"spriteSourceSize": {"x":0,"y":1,"w":51,"h":73},
	"sourceSize": {"w":51,"h":73}
},
"idle0002":
{
	"frame": {"x":105,"y":1,"w":51,"h":73},
	"rotated": false,
	"trimmed": true,
	"spriteSourceSize": {"x":0,"y":0,"w":51,"h":73},
	"sourceSize": {"w":51,"h":73}
},
"idle0003":
{
	"frame": {"x":157,"y":1,"w":51,"h":73},
	"rotated": false,
	"trimmed": true,
	"spriteSourceSize": {"x":0,"y":0,"w":51,"h":73},
	"sourceSize": {"w":51,"h":73}
},
"idle0004":
{
	"frame": {"x":1,"y":75,"w":51,"h":73},
	"rotated": false,
	"trimmed": false,
	"spriteSourceSize": {"x":0,"y":0,"w":51,"h":73},
	"sourceSize": {"w":51,"h":73}
},
"idle0005":
{
	"frame": {"x":53,"y":75,"w":51,"h":73},
	"rotated": false,
	"trimmed": true,
	"spriteSourceSize": {"x":0,"y":0,"w":51,"h":73},
	"sourceSize": {"w":51,"h":73}
},
"idle0006":
{
	"frame": {"x":105,"y":75,"w":51,"h":73},
	"rotated": false,
	"trimmed": true,
	"spriteSourceSize": {"x":0,"y":0,"w":51,"h":73},
	"sourceSize": {"w":51,"h":73}
},
"idle0007":
{
	"frame": {"x":157,"y":75,"w":51,"h":72},
	"rotated": false,
	"trimmed": true,
	"spriteSourceSize": {"x":0,"y":1,"w":51,"h":73},
	"sourceSize": {"w":51,"h":73}
},
"idle0008":
{
	"frame": {"x":1,"y":149,"w":51,"h":72},
	"rotated": false,
	"trimmed": true,
	"spriteSourceSize": {"x":0,"y":1,"w":51,"h":73},
	"sourceSize": {"w":51,"h":73}
},
"idle0009":
{
	"frame": {"x":53,"y":149,"w":51,"h":72},
	"rotated": false,
	"trimmed": true,
	"spriteSourceSize": {"x":0,"y":1,"w":51,"h":73},
	"sourceSize": {"w":51,"h":73}
}},
"meta": {
	"app": "Adobe Animate",
	"version": "21.0.0.35450",
	"image": "traversoAnimations.png",
	"format": "RGBA8888",
	"size": {"w":256,"h":256},
	"scale": "1"
}
}
