{
    "anims": [
        {
            "key": "idle",
            "type": "frame",
            "frames": [
                {
                    "key": "drone",
                    "frame": "idle instance 10000",
                    "duration": 0,
                    "keyframe": false
                },
                {
                    "key": "drone",
                    "frame": "idle instance 10001",
                    "duration": 0,
                    "keyframe": false
                },
                {
                    "key": "drone",
                    "frame": "idle instance 10002",
                    "duration": 0,
                    "keyframe": false
                },
                {
                    "key": "drone",
                    "frame": "idle instance 10003",
                    "duration": 0,
                    "keyframe": false
                },
                {
                    "key": "drone",
                    "frame": "idle instance 10004",
                    "duration": 0,
                    "keyframe": false
                }
            ],
            "frameRate": 12,
            "skipMissedFrames": true,
            "repeat": -1
        },
        {
            "key": "droneReady",
            "type": "frame",
            "frames": [
                {
                    "key": "drone",
                    "frame": "ready instance 10000",
                    "duration": 0,
                    "keyframe": false
                },
                {
                    "key": "drone",
                    "frame": "ready instance 10001",
                    "duration": 0,
                    "keyframe": false
                },
                {
                    "key": "drone",
                    "frame": "ready instance 10002",
                    "duration": 0,
                    "keyframe": false
                },
                {
                    "key": "drone",
                    "frame": "ready instance 10003",
                    "duration": 0,
                    "keyframe": false
                },
                {
                    "key": "drone",
                    "frame": "ready instance 10004",
                    "duration": 0,
                    "keyframe": false
                },
                {
                    "key": "drone",
                    "frame": "ready instance 10005",
                    "duration": 0,
                    "keyframe": false
                }
            ],
            "frameRate": 12,
            "skipMissedFrames": true,
            "repeat": -1
        },
        {
            "key": "droneFire",
            "type": "frame",
            "frames": [
                {
                    "key": "drone",
                    "frame": "fire instance 10000",
                    "duration": 0,
                    "keyframe": false
                },
                {
                    "key": "drone",
                    "frame": "fire instance 10001",
                    "duration": 0,
                    "keyframe": false
                },
                {
                    "key": "drone",
                    "frame": "fire instance 10002",
                    "duration": 0,
                    "keyframe": false
                },
                {
                    "key": "drone",
                    "frame": "fire instance 10003",
                    "duration": 0,
                    "keyframe": false
                },
                {
                    "key": "drone",
                    "frame": "fire instance 10004",
                    "duration": 0,
                    "keyframe": false
                },
                {
                    "key": "drone",
                    "frame": "fire instance 10005",
                    "duration": 0,
                    "keyframe": false
                },
                {
                    "key": "drone",
                    "frame": "fire instance 10006",
                    "duration": 0,
                    "keyframe": false
                },
                {
                    "key": "drone",
                    "frame": "fire instance 10007",
                    "duration": 0,
                    "keyframe": false
                },
                {
                    "key": "drone",
                    "frame": "fire instance 10008",
                    "duration": 0,
                    "keyframe": false
                }
            ],
            "frameRate": 12,
            "skipMissedFrames": true,
            "repeat": -1
        },
        {
            "key": "droneShot",
            "type": "frame",
            "frames": [
                {
                    "key": "drone",
                    "frame": "energyBullet0000",
                    "duration": 0,
                    "keyframe": false
                },
                {
                    "key": "drone",
                    "frame": "energyBullet0001",
                    "duration": 0,
                    "keyframe": false
                },
                {
                    "key": "drone",
                    "frame": "energyBullet0002",
                    "duration": 0,
                    "keyframe": false
                },
                {
                    "key": "drone",
                    "frame": "energyBullet0003",
                    "duration": 0,
                    "keyframe": false
                },
                {
                    "key": "drone",
                    "frame": "energyBullet0004",
                    "duration": 0,
                    "keyframe": false
                },
                {
                    "key": "drone",
                    "frame": "energyBullet0005",
                    "duration": 0,
                    "keyframe": false
                },
                {
                    "key": "drone",
                    "frame": "energyBullet0006",
                    "duration": 0,
                    "keyframe": false
                },
                {
                    "key": "drone",
                    "frame": "energyBullet0007",
                    "duration": 0,
                    "keyframe": false
                },
                {
                    "key": "drone",
                    "frame": "energyBullet0008",
                    "duration": 0,
                    "keyframe": false
                },
                {
                    "key": "drone",
                    "frame": "energyBullet0009",
                    "duration": 0,
                    "keyframe": false
                }
            ],
            "frameRate": 12,
            "skipMissedFrames": true,
            "repeat": -1
        }
    ],
    "globalTimeScale": 1,
    "meta": {
        "app": "Phaser Editor 2D v3",
        "contentType": "Phaser v3 Animations"
    }
}