{
    "anims": [
        {
            "key": "beepingMine",
            "type": "frame",
            "frames": [
                {
                    "key": "minaAtlas",
                    "frame": "mina1.png",
                    "duration": 0,
                    "keyframe": false
                },
                {
                    "key": "minaAtlas",
                    "frame": "mina2.png",
                    "duration": 0,
                    "keyframe": false
                }
            ],
            "frameRate": 3,
            "skipMissedFrames": true,
            "repeat": -1,
            "showOnStart": true
        }
    ],
    "globalTimeScale": 1,
    "meta": {
        "app": "Phaser Editor 2D v3",
        "contentType": "Phaser v3 Animations"
    }
}