{
    "section1": {
        "files": [
            {
                "url": "assets/images/box.png",
                "type": "image",
                "key": "box"
            },
            {
                "url": "assets/maps/new_level0.json",
                "type": "tilemapTiledJSON",
                "key": "new_level0"
            },
            {
                "url": "assets/scenes/NewLevel1.js",
                "type": "sceneFile",
                "key": "NewLevel1"
            },
            {
                "url": "assets/images/posters.png",
                "type": "image",
                "key": "posters"
            }
        ]
    },
    "meta": {
        "app": "Phaser Editor 2D - Asset Pack Editor",
        "contentType": "phasereditor2d.pack.core.AssetContentType",
        "url": "https://phasereditor2d.com",
        "version": 2,
        "showAllFilesInBlocks": false
    }
}