{
    "anims": [
        {
            "key": "newSaw",
            "type": "frame",
            "frames": [
                {
                    "key": "propsNew",
                    "frame": "saw0000",
                    "duration": 0,
                    "keyframe": false
                },
                {
                    "key": "propsNew",
                    "frame": "saw0001",
                    "duration": 0,
                    "keyframe": false
                },
                {
                    "key": "propsNew",
                    "frame": "saw0002",
                    "duration": 0,
                    "keyframe": false
                },
                {
                    "key": "propsNew",
                    "frame": "saw0003",
                    "duration": 0,
                    "keyframe": false
                }
            ],
            "frameRate": 24,
            "skipMissedFrames": true,
            "repeat": -1
        },
        {
            "key": "newSaw2",
            "type": "frame",
            "frames": [
                {
                    "key": "propsNew",
                    "frame": "saw20000",
                    "duration": 0,
                    "keyframe": false
                },
                {
                    "key": "propsNew",
                    "frame": "saw20001",
                    "duration": 0,
                    "keyframe": false
                },
                {
                    "key": "propsNew",
                    "frame": "saw20002",
                    "duration": 0,
                    "keyframe": false
                },
                {
                    "key": "propsNew",
                    "frame": "saw20003",
                    "duration": 0,
                    "keyframe": false
                }
            ],
            "frameRate": 24,
            "skipMissedFrames": true,
            "repeat": -1
        },
        {
            "key": "powerStationEmpty",
            "type": "frame",
            "frames": [
                {
                    "key": "propsNew",
                    "frame": "Symbol 7 instance 10000",
                    "duration": 0,
                    "keyframe": false
                },
                {
                    "key": "propsNew",
                    "frame": "Symbol 7 instance 10001",
                    "duration": 0,
                    "keyframe": false
                },
                {
                    "key": "propsNew",
                    "frame": "Symbol 7 instance 10002",
                    "duration": 0,
                    "keyframe": false
                },
                {
                    "key": "propsNew",
                    "frame": "Symbol 7 instance 10003",
                    "duration": 0,
                    "keyframe": false
                },
                {
                    "key": "propsNew",
                    "frame": "Symbol 7 instance 10004",
                    "duration": 0,
                    "keyframe": false
                }
            ],
            "frameRate": 24,
            "skipMissedFrames": true,
            "repeat": -1
        },
        {
            "key": "StationPreview",
            "type": "frame",
            "frames": [
                {
                    "key": "propsNew",
                    "frame": "energy_station instance 10000",
                    "duration": 0,
                    "keyframe": false
                },
                {
                    "key": "propsNew",
                    "frame": "energy_station instance 10001",
                    "duration": 0,
                    "keyframe": false
                },
                {
                    "key": "propsNew",
                    "frame": "energy_station instance 10002",
                    "duration": 0,
                    "keyframe": false
                },
                {
                    "key": "propsNew",
                    "frame": "energy_station instance 10003",
                    "duration": 0,
                    "keyframe": false
                }
            ],
            "frameRate": 24,
            "skipMissedFrames": true,
            "repeat": -1,
            "showOnStart": true
        },
        {
            "key": "ring",
            "type": "frame",
            "frames": [
                {
                    "key": "propsNew",
                    "frame": "Aro de Luz instance 10000",
                    "duration": 0,
                    "keyframe": false
                },
                {
                    "key": "propsNew",
                    "frame": "Aro de Luz instance 10001",
                    "duration": 0,
                    "keyframe": false
                },
                {
                    "key": "propsNew",
                    "frame": "Aro de Luz instance 10002",
                    "duration": 0,
                    "keyframe": false
                },
                {
                    "key": "propsNew",
                    "frame": "Aro de Luz instance 10003",
                    "duration": 0,
                    "keyframe": false
                },
                {
                    "key": "propsNew",
                    "frame": "Aro de Luz instance 10004",
                    "duration": 0,
                    "keyframe": false
                },
                {
                    "key": "propsNew",
                    "frame": "Aro de Luz instance 10005",
                    "duration": 0,
                    "keyframe": false
                },
                {
                    "key": "propsNew",
                    "frame": "Aro de Luz instance 10006",
                    "duration": 0,
                    "keyframe": false
                },
                {
                    "key": "propsNew",
                    "frame": "Aro de Luz instance 10007",
                    "duration": 0,
                    "keyframe": false
                },
                {
                    "key": "propsNew",
                    "frame": "Aro de Luz instance 10008",
                    "duration": 0,
                    "keyframe": false
                },
                {
                    "key": "propsNew",
                    "frame": "Aro de Luz instance 10009",
                    "duration": 0,
                    "keyframe": false
                },
                {
                    "key": "propsNew",
                    "frame": "Aro de Luz instance 10010",
                    "duration": 0,
                    "keyframe": false
                },
                {
                    "key": "propsNew",
                    "frame": "Aro de Luz instance 10011",
                    "duration": 0,
                    "keyframe": false
                },
                {
                    "key": "propsNew",
                    "frame": "Aro de Luz instance 10012",
                    "duration": 0,
                    "keyframe": false
                },
                {
                    "key": "propsNew",
                    "frame": "Aro de Luz instance 10013",
                    "duration": 0,
                    "keyframe": false
                },
                {
                    "key": "propsNew",
                    "frame": "Aro de Luz instance 10014",
                    "duration": 0,
                    "keyframe": false
                },
                {
                    "key": "propsNew",
                    "frame": "Aro de Luz instance 10015",
                    "duration": 0,
                    "keyframe": false
                },
                {
                    "key": "propsNew",
                    "frame": "Aro de Luz instance 10016",
                    "duration": 0,
                    "keyframe": false
                },
                {
                    "key": "propsNew",
                    "frame": "Aro de Luz instance 10017",
                    "duration": 0,
                    "keyframe": false
                },
                {
                    "key": "propsNew",
                    "frame": "Aro de Luz instance 10018",
                    "duration": 0,
                    "keyframe": false
                },
                {
                    "key": "propsNew",
                    "frame": "Aro de Luz instance 10019",
                    "duration": 0,
                    "keyframe": false
                },
                {
                    "key": "propsNew",
                    "frame": "Aro de Luz instance 10020",
                    "duration": 0,
                    "keyframe": false
                },
                {
                    "key": "propsNew",
                    "frame": "Aro de Luz instance 10021",
                    "duration": 0,
                    "keyframe": false
                },
                {
                    "key": "propsNew",
                    "frame": "Aro de Luz instance 10022",
                    "duration": 0,
                    "keyframe": false
                },
                {
                    "key": "propsNew",
                    "frame": "Aro de Luz instance 10023",
                    "duration": 0,
                    "keyframe": false
                },
                {
                    "key": "propsNew",
                    "frame": "Aro de Luz instance 10024",
                    "duration": 0,
                    "keyframe": false
                },
                {
                    "key": "propsNew",
                    "frame": "Aro de Luz instance 10025",
                    "duration": 0,
                    "keyframe": false
                },
                {
                    "key": "propsNew",
                    "frame": "Aro de Luz instance 10026",
                    "duration": 0,
                    "keyframe": false
                },
                {
                    "key": "propsNew",
                    "frame": "Aro de Luz instance 10027",
                    "duration": 0,
                    "keyframe": false
                },
                {
                    "key": "propsNew",
                    "frame": "Aro de Luz instance 10028",
                    "duration": 0,
                    "keyframe": false
                },
                {
                    "key": "propsNew",
                    "frame": "Aro de Luz instance 10029",
                    "duration": 0,
                    "keyframe": false
                },
                {
                    "key": "propsNew",
                    "frame": "Aro de Luz instance 10030",
                    "duration": 0,
                    "keyframe": false
                },
                {
                    "key": "propsNew",
                    "frame": "Aro de Luz instance 10031",
                    "duration": 0,
                    "keyframe": false
                },
                {
                    "key": "propsNew",
                    "frame": "Aro de Luz instance 10032",
                    "duration": 0,
                    "keyframe": false
                },
                {
                    "key": "propsNew",
                    "frame": "Aro de Luz instance 10033",
                    "duration": 0,
                    "keyframe": false
                },
                {
                    "key": "propsNew",
                    "frame": "Aro de Luz instance 10034",
                    "duration": 0,
                    "keyframe": false
                },
                {
                    "key": "propsNew",
                    "frame": "Aro de Luz instance 10035",
                    "duration": 0,
                    "keyframe": false
                },
                {
                    "key": "propsNew",
                    "frame": "Aro de Luz instance 10036",
                    "duration": 0,
                    "keyframe": false
                },
                {
                    "key": "propsNew",
                    "frame": "Aro de Luz instance 10037",
                    "duration": 0,
                    "keyframe": false
                },
                {
                    "key": "propsNew",
                    "frame": "Aro de Luz instance 10038",
                    "duration": 0,
                    "keyframe": false
                },
                {
                    "key": "propsNew",
                    "frame": "Aro de Luz instance 10039",
                    "duration": 0,
                    "keyframe": false
                },
                {
                    "key": "propsNew",
                    "frame": "Aro de Luz instance 10040",
                    "duration": 0,
                    "keyframe": false
                }
            ],
            "frameRate": 24,
            "skipMissedFrames": true,
            "repeat": -1
        },
        {
            "key": "enemyBorn",
            "type": "frame",
            "frames": [
                {
                    "key": "propsNew",
                    "frame": "enemyCreator instance 10000",
                    "duration": 0,
                    "keyframe": false
                },
                {
                    "key": "propsNew",
                    "frame": "enemyCreator instance 10001",
                    "duration": 0,
                    "keyframe": false
                },
                {
                    "key": "propsNew",
                    "frame": "enemyCreator instance 10002",
                    "duration": 0,
                    "keyframe": false
                },
                {
                    "key": "propsNew",
                    "frame": "enemyCreator instance 10003",
                    "duration": 0,
                    "keyframe": false
                },
                {
                    "key": "propsNew",
                    "frame": "enemyCreator instance 10004",
                    "duration": 0,
                    "keyframe": false
                }
            ],
            "frameRate": 12,
            "skipMissedFrames": true
        },
        {
            "key": "platform1",
            "type": "frame",
            "frames": [
                {
                    "key": "propsNew",
                    "frame": "Symbol 9 instance 10000",
                    "duration": 0,
                    "keyframe": false
                }
            ],
            "frameRate": 24,
            "skipMissedFrames": true
        },
        {
            "key": "platform2",
            "type": "frame",
            "frames": [
                {
                    "key": "propsNew",
                    "frame": "Symbol 10 instance 10000",
                    "duration": 0,
                    "keyframe": false
                }
            ],
            "frameRate": 24,
            "skipMissedFrames": true
        },
        {
            "key": "SupaBiteBtnActive",
            "type": "frame",
            "frames": [
                {
                    "key": "propsNew",
                    "frame": "Symbol 11 instance 10000",
                    "duration": 0,
                    "keyframe": false
                }
            ],
            "frameRate": 24,
            "skipMissedFrames": true
        },
        {
            "key": "SupaShotBtnActive",
            "type": "frame",
            "frames": [
                {
                    "key": "propsNew",
                    "frame": "Symbol 12 instance 10000",
                    "duration": 0,
                    "keyframe": false
                }
            ],
            "frameRate": 24,
            "skipMissedFrames": true
        },
        {
            "key": "dedito",
            "type": "frame",
            "frames": [
                {
                    "key": "propsNew",
                    "frame": "Dedito instance 10000",
                    "duration": 0,
                    "keyframe": false
                },
                {
                    "key": "propsNew",
                    "frame": "Dedito instance 10001",
                    "duration": 0,
                    "keyframe": false
                },
                {
                    "key": "propsNew",
                    "frame": "Dedito instance 10002",
                    "duration": 0,
                    "keyframe": false
                },
                {
                    "key": "propsNew",
                    "frame": "Dedito instance 10003",
                    "duration": 0,
                    "keyframe": false
                }
            ],
            "frameRate": 8,
            "skipMissedFrames": true
        },
        {
            "key": "tollUnlocked",
            "type": "frame",
            "frames": [
                {
                    "key": "propsNew",
                    "frame": "toll instance 10000",
                    "duration": 0,
                    "keyframe": false
                },
                {
                    "key": "propsNew",
                    "frame": "toll instance 10001",
                    "duration": 0,
                    "keyframe": false
                }
            ],
            "frameRate": 12,
            "skipMissedFrames": true
        },
        {
            "key": "heartPump",
            "type": "frame",
            "frames": [
                {
                    "key": "propsNew",
                    "frame": "CORAZON 2.ai instance 10000",
                    "duration": 0,
                    "keyframe": false
                },
                {
                    "key": "propsNew",
                    "frame": "CORAZON 2.ai instance 10001",
                    "duration": 0,
                    "keyframe": false
                },
                {
                    "key": "propsNew",
                    "frame": "CORAZON 2.ai instance 10002",
                    "duration": 0,
                    "keyframe": false
                },
                {
                    "key": "propsNew",
                    "frame": "CORAZON 2.ai instance 10003",
                    "duration": 0,
                    "keyframe": false
                },
                {
                    "key": "propsNew",
                    "frame": "CORAZON 2.ai instance 10004",
                    "duration": 0,
                    "keyframe": false
                },
                {
                    "key": "propsNew",
                    "frame": "CORAZON 2.ai instance 10005",
                    "duration": 0,
                    "keyframe": false
                }
            ],
            "frameRate": 12,
            "skipMissedFrames": true,
            "repeat": -1
        },
        {
            "key": "TollIdle",
            "type": "frame",
            "frames": [
                {
                    "key": "propsNew2",
                    "frame": "Symbol 33 instance 10000",
                    "duration": 0,
                    "keyframe": false
                },
                {
                    "key": "propsNew2",
                    "frame": "Symbol 33 instance 10001",
                    "duration": 0,
                    "keyframe": false
                }
            ],
            "frameRate": 2,
            "skipMissedFrames": true
        },
        {
            "key": "TollLevel1",
            "type": "frame",
            "frames": [
                {
                    "key": "propsNew2",
                    "frame": "Symbol 33 instance 10001",
                    "duration": 0,
                    "keyframe": false
                },
                {
                    "key": "propsNew2",
                    "frame": "Symbol 33 instance 10002",
                    "duration": 0,
                    "keyframe": false
                }
            ],
            "frameRate": 2,
            "skipMissedFrames": true,
            "yoyo": true
        },
        {
            "key": "TollLevel2",
            "type": "frame",
            "frames": [
                {
                    "key": "propsNew2",
                    "frame": "Symbol 33 instance 10001",
                    "duration": 0,
                    "keyframe": false
                },
                {
                    "key": "propsNew2",
                    "frame": "Symbol 33 instance 10002",
                    "duration": 0,
                    "keyframe": false
                },
                {
                    "key": "propsNew2",
                    "frame": "Symbol 33 instance 10003",
                    "duration": 0,
                    "keyframe": false
                }
            ],
            "frameRate": 2,
            "skipMissedFrames": true,
            "yoyo": true
        },
        {
            "key": "TollLevel3",
            "type": "frame",
            "frames": [
                {
                    "key": "propsNew2",
                    "frame": "Symbol 33 instance 10001",
                    "duration": 0,
                    "keyframe": false
                },
                {
                    "key": "propsNew2",
                    "frame": "Symbol 33 instance 10002",
                    "duration": 0,
                    "keyframe": false
                },
                {
                    "key": "propsNew2",
                    "frame": "Symbol 33 instance 10003",
                    "duration": 0,
                    "keyframe": false
                },
                {
                    "key": "propsNew2",
                    "frame": "Symbol 33 instance 10004",
                    "duration": 0,
                    "keyframe": false
                }
            ],
            "frameRate": 2,
            "skipMissedFrames": true
        },
        {
            "key": "TollLevel4",
            "type": "frame",
            "frames": [
                {
                    "key": "propsNew2",
                    "frame": "Symbol 33 instance 10001",
                    "duration": 0,
                    "keyframe": false
                },
                {
                    "key": "propsNew2",
                    "frame": "Symbol 33 instance 10002",
                    "duration": 0,
                    "keyframe": false
                },
                {
                    "key": "propsNew2",
                    "frame": "Symbol 33 instance 10003",
                    "duration": 0,
                    "keyframe": false
                },
                {
                    "key": "propsNew2",
                    "frame": "Symbol 33 instance 10004",
                    "duration": 0,
                    "keyframe": false
                },
                {
                    "key": "propsNew2",
                    "frame": "Symbol 33 instance 10005",
                    "duration": 0,
                    "keyframe": false
                }
            ],
            "frameRate": 2,
            "skipMissedFrames": true
        },
        {
            "key": "TollLevel5",
            "type": "frame",
            "frames": [
                {
                    "key": "propsNew2",
                    "frame": "Symbol 33 instance 10001",
                    "duration": 0,
                    "keyframe": false
                },
                {
                    "key": "propsNew2",
                    "frame": "Symbol 33 instance 10002",
                    "duration": 0,
                    "keyframe": false
                },
                {
                    "key": "propsNew2",
                    "frame": "Symbol 33 instance 10003",
                    "duration": 0,
                    "keyframe": false
                },
                {
                    "key": "propsNew2",
                    "frame": "Symbol 33 instance 10004",
                    "duration": 0,
                    "keyframe": false
                },
                {
                    "key": "propsNew2",
                    "frame": "Symbol 33 instance 10005",
                    "duration": 0,
                    "keyframe": false
                },
                {
                    "key": "propsNew2",
                    "frame": "Symbol 33 instance 10006",
                    "duration": 0,
                    "keyframe": false
                },
                {
                    "key": "propsNew2",
                    "frame": "Symbol 33 instance 10007",
                    "duration": 0,
                    "keyframe": false
                }
            ],
            "frameRate": 3,
            "skipMissedFrames": true
        },
        {
            "key": "readyCanonButton",
            "type": "frame",
            "frames": [
                {
                    "key": "propsNew2",
                    "frame": "Symbol 11 instance 10000",
                    "duration": 0,
                    "keyframe": false
                },
                {
                    "key": "propsNew2",
                    "frame": "Symbol 11 instance 10001",
                    "duration": 0,
                    "keyframe": false
                },
                {
                    "key": "propsNew2",
                    "frame": "Symbol 11 instance 10002",
                    "duration": 0,
                    "keyframe": false
                },
                {
                    "key": "propsNew2",
                    "frame": "Symbol 11 instance 10003",
                    "duration": 0,
                    "keyframe": false
                },
                {
                    "key": "propsNew2",
                    "frame": "Symbol 11 instance 10004",
                    "duration": 0,
                    "keyframe": false
                },
                {
                    "key": "propsNew2",
                    "frame": "Symbol 11 instance 10005",
                    "duration": 0,
                    "keyframe": false
                }
            ],
            "frameRate": 10,
            "skipMissedFrames": true,
            "repeat": -1,
            "repeatDelay": 3000,
            "yoyo": true
        },
        {
            "key": "sideDoorOpen",
            "type": "frame",
            "frames": [
                {
                    "key": "propsNew",
                    "frame": "sideDoor instance 10000",
                    "duration": 0,
                    "keyframe": false
                },
                {
                    "key": "propsNew",
                    "frame": "sideDoor instance 10001",
                    "duration": 0,
                    "keyframe": false
                },
                {
                    "key": "propsNew",
                    "frame": "sideDoor instance 10002",
                    "duration": 0,
                    "keyframe": false
                },
                {
                    "key": "propsNew",
                    "frame": "sideDoor instance 10003",
                    "duration": 0,
                    "keyframe": false
                },
                {
                    "key": "propsNew",
                    "frame": "sideDoor instance 10004",
                    "duration": 0,
                    "keyframe": false
                }
            ],
            "frameRate": 12,
            "skipMissedFrames": true
        },
        {
            "key": "sideDoorClosed",
            "type": "frame",
            "frames": [
                {
                    "key": "propsNew",
                    "frame": "sideDoor instance 10000",
                    "duration": 0,
                    "keyframe": false
                },
                {
                    "key": "propsNew",
                    "frame": "sideDoor instance 10001",
                    "duration": 0,
                    "keyframe": false
                },
                {
                    "key": "propsNew",
                    "frame": "sideDoor instance 10002",
                    "duration": 0,
                    "keyframe": false
                },
                {
                    "key": "propsNew",
                    "frame": "sideDoor instance 10003",
                    "duration": 0,
                    "keyframe": false
                },
                {
                    "key": "propsNew",
                    "frame": "sideDoor instance 10004",
                    "duration": 0,
                    "keyframe": false
                }
            ],
            "frameRate": 12,
            "skipMissedFrames": true
        },
        {
            "key": "posteAnimation",
            "type": "frame",
            "frames": [
                {
                    "key": "propsNew2",
                    "frame": "poste instance 10000",
                    "duration": 0,
                    "keyframe": false
                },
                {
                    "key": "propsNew2",
                    "frame": "poste instance 10001",
                    "duration": 0,
                    "keyframe": false
                },
                {
                    "key": "propsNew2",
                    "frame": "poste instance 10002",
                    "duration": 0,
                    "keyframe": false
                },
                {
                    "key": "propsNew2",
                    "frame": "poste instance 10003",
                    "duration": 0,
                    "keyframe": false
                },
                {
                    "key": "propsNew2",
                    "frame": "poste instance 10004",
                    "duration": 0,
                    "keyframe": false
                },
                {
                    "key": "propsNew2",
                    "frame": "poste instance 10005",
                    "duration": 0,
                    "keyframe": false
                },
                {
                    "key": "propsNew2",
                    "frame": "poste instance 10006",
                    "duration": 0,
                    "keyframe": false
                },
                {
                    "key": "propsNew2",
                    "frame": "poste instance 10007",
                    "duration": 0,
                    "keyframe": false
                },
                {
                    "key": "propsNew2",
                    "frame": "poste instance 10008",
                    "duration": 0,
                    "keyframe": false
                },
                {
                    "key": "propsNew2",
                    "frame": "poste instance 10009",
                    "duration": 0,
                    "keyframe": false
                }
            ],
            "frameRate": 8,
            "skipMissedFrames": true
        },
        {
            "key": "tollIdle2",
            "type": "frame",
            "frames": [
                {
                    "key": "propsNew2",
                    "frame": "Symbol 33 instance 10000",
                    "duration": 0,
                    "keyframe": false
                },
                {
                    "key": "propsNew2",
                    "frame": "Symbol 33 instance 10001",
                    "duration": 0,
                    "keyframe": false
                },
                {
                    "key": "propsNew2",
                    "frame": "Symbol 33 instance 10002",
                    "duration": 0,
                    "keyframe": false
                },
                {
                    "key": "propsNew2",
                    "frame": "Symbol 33 instance 10003",
                    "duration": 0,
                    "keyframe": false
                },
                {
                    "key": "propsNew2",
                    "frame": "Symbol 33 instance 10004",
                    "duration": 0,
                    "keyframe": false
                }
            ],
            "frameRate": 12,
            "skipMissedFrames": true,
            "repeat": -1,
            "yoyo": true
        },
        {
            "key": "SupaBombOn",
            "type": "frame",
            "frames": [
                {
                    "key": "newSupaAnimationsRune2",
                    "frame": "SupaBomb instancia 10000",
                    "duration": 0,
                    "keyframe": false
                },
                {
                    "key": "newSupaAnimationsRune2",
                    "frame": "SupaBomb instancia 10001",
                    "duration": 0,
                    "keyframe": false
                }
            ],
            "frameRate": 3,
            "skipMissedFrames": true,
            "repeat": -1
        },
        {
            "key": "downDoorAnim",
            "type": "frame",
            "frames": [
                {
                    "key": "newSupaAnimationsRune2",
                    "frame": "downFloor0000",
                    "duration": 0,
                    "keyframe": false
                },
                {
                    "key": "newSupaAnimationsRune2",
                    "frame": "downFloor0001",
                    "duration": 0,
                    "keyframe": false
                }
            ],
            "frameRate": 2,
            "skipMissedFrames": true,
            "repeat": -1
        },
        {
            "key": "destroyableIdle",
            "type": "frame",
            "frames": [
                {
                    "key": "newSupaAnimationsRune2",
                    "frame": "destroyable0000",
                    "duration": 0,
                    "keyframe": false
                },
                {
                    "key": "newSupaAnimationsRune2",
                    "frame": "destroyable0001",
                    "duration": 0,
                    "keyframe": false
                }
            ],
            "frameRate": 2,
            "skipMissedFrames": true,
            "repeat": -1
        },
        {
            "key": "destroyable2",
            "type": "frame",
            "frames": [
                {
                    "key": "newSupaAnimationsRune2",
                    "frame": "destroyable0001",
                    "duration": 0,
                    "keyframe": false
                },
                {
                    "key": "newSupaAnimationsRune2",
                    "frame": "destroyable0002",
                    "duration": 0,
                    "keyframe": false
                }
            ],
            "frameRate": 12,
            "skipMissedFrames": true,
            "repeat": -1
        },
        {
            "key": "destroyable1",
            "type": "frame",
            "frames": [
                {
                    "key": "newSupaAnimationsRune2",
                    "frame": "destroyable0002",
                    "duration": 0,
                    "keyframe": false
                },
                {
                    "key": "newSupaAnimationsRune2",
                    "frame": "destroyable0003",
                    "duration": 0,
                    "keyframe": false
                },
                {
                    "key": "newSupaAnimationsRune2",
                    "frame": "destroyable0004",
                    "duration": 0,
                    "keyframe": false
                },
                {
                    "key": "newSupaAnimationsRune2",
                    "frame": "destroyable0005",
                    "duration": 0,
                    "keyframe": false
                },
                {
                    "key": "newSupaAnimationsRune2",
                    "frame": "destroyable0006",
                    "duration": 0,
                    "keyframe": false
                },
                {
                    "key": "newSupaAnimationsRune2",
                    "frame": "destroyable0007",
                    "duration": 0,
                    "keyframe": false
                },
                {
                    "key": "newSupaAnimationsRune2",
                    "frame": "destroyable0008",
                    "duration": 0,
                    "keyframe": false
                },
                {
                    "key": "newSupaAnimationsRune2",
                    "frame": "destroyable0009",
                    "duration": 0,
                    "keyframe": false
                },
                {
                    "key": "newSupaAnimationsRune2",
                    "frame": "destroyable0010",
                    "duration": 0,
                    "keyframe": false
                }
            ],
            "frameRate": 24,
            "skipMissedFrames": true,
            "hideOnComplete": true
        },
        {
            "key": "smallcard",
            "type": "frame",
            "frames": [
                {
                    "key": "newSupaAnimationsRune2",
                    "frame": "card instancia 10000",
                    "duration": 0,
                    "keyframe": false
                },
                {
                    "key": "newSupaAnimationsRune2",
                    "frame": "card instancia 10001",
                    "duration": 0,
                    "keyframe": false
                },
                {
                    "key": "newSupaAnimationsRune2",
                    "frame": "card instancia 10002",
                    "duration": 0,
                    "keyframe": false
                },
                {
                    "key": "newSupaAnimationsRune2",
                    "frame": "card instancia 10003",
                    "duration": 0,
                    "keyframe": false
                },
                {
                    "key": "newSupaAnimationsRune2",
                    "frame": "card instancia 10004",
                    "duration": 0,
                    "keyframe": false
                }
            ],
            "frameRate": 12,
            "skipMissedFrames": true,
            "repeat": -1,
            "showOnStart": true
        },
        {
            "key": "invisible1",
            "type": "frame",
            "frames": [
                {
                    "key": "newSupaAnimationsRune2",
                    "frame": "squareDoor instancia 10000",
                    "duration": 0,
                    "keyframe": false
                }
            ],
            "frameRate": 1,
            "skipMissedFrames": true
        },
        {
            "key": "invisible2",
            "type": "frame",
            "frames": [
                {
                    "key": "newSupaAnimationsRune2",
                    "frame": "destroyable0003",
                    "duration": 0,
                    "keyframe": false
                },
                {
                    "key": "newSupaAnimationsRune2",
                    "frame": "destroyable0002",
                    "duration": 0,
                    "keyframe": false
                }
            ],
            "frameRate": 12,
            "skipMissedFrames": true,
            "repeat": -1
        },
        {
            "key": "lockedWall",
            "type": "frame",
            "frames": [
                {
                    "key": "newSupaAnimationsRune2",
                    "frame": "downFloorBlocked0000",
                    "duration": 0,
                    "keyframe": false
                }
            ],
            "frameRate": 24,
            "skipMissedFrames": true,
            "repeat": -1
        },
        {
            "key": "LockedErased",
            "type": "frame",
            "frames": [
                {
                    "key": "newSupaAnimationsRune2",
                    "frame": "squareDoor instancia 10000",
                    "duration": 0,
                    "keyframe": false
                },
                {
                    "key": "newSupaAnimationsRune2",
                    "frame": "downFloorBlocked0000",
                    "duration": 0,
                    "keyframe": false
                }
            ],
            "frameRate": 8,
            "skipMissedFrames": true,
            "repeat": -1
        },
        {
            "key": "squareDoorOpen",
            "type": "frame",
            "frames": [
                {
                    "key": "newSupaAnimationsRune2",
                    "frame": "squareDoor instancia 10005",
                    "duration": 0,
                    "keyframe": false
                },
                {
                    "key": "newSupaAnimationsRune2",
                    "frame": "squareDoor instancia 10006",
                    "duration": 0,
                    "keyframe": false
                },
                {
                    "key": "newSupaAnimationsRune2",
                    "frame": "squareDoor instancia 10007",
                    "duration": 0,
                    "keyframe": false
                },
                {
                    "key": "newSupaAnimationsRune2",
                    "frame": "squareDoor instancia 10008",
                    "duration": 0,
                    "keyframe": false
                },
                {
                    "key": "newSupaAnimationsRune2",
                    "frame": "squareDoor instancia 10009",
                    "duration": 0,
                    "keyframe": false
                },
                {
                    "key": "newSupaAnimationsRune2",
                    "frame": "squareDoor instancia 10010",
                    "duration": 0,
                    "keyframe": false
                },
                {
                    "key": "newSupaAnimationsRune2",
                    "frame": "squareDoor instancia 10011",
                    "duration": 0,
                    "keyframe": false
                },
                {
                    "key": "newSupaAnimationsRune2",
                    "frame": "squareDoor instancia 10012",
                    "duration": 0,
                    "keyframe": false
                },
                {
                    "key": "newSupaAnimationsRune2",
                    "frame": "squareDoor instancia 10013",
                    "duration": 0,
                    "keyframe": false
                },
                {
                    "key": "newSupaAnimationsRune2",
                    "frame": "squareDoor instancia 10014",
                    "duration": 0,
                    "keyframe": false
                },
                {
                    "key": "newSupaAnimationsRune2",
                    "frame": "squareDoor instancia 10015",
                    "duration": 0,
                    "keyframe": false
                },
                {
                    "key": "newSupaAnimationsRune2",
                    "frame": "squareDoor instancia 10016",
                    "duration": 0,
                    "keyframe": false
                },
                {
                    "key": "newSupaAnimationsRune2",
                    "frame": "squareDoor instancia 10017",
                    "duration": 0,
                    "keyframe": false
                },
                {
                    "key": "newSupaAnimationsRune2",
                    "frame": "squareDoor instancia 10018",
                    "duration": 0,
                    "keyframe": false
                },
                {
                    "key": "newSupaAnimationsRune2",
                    "frame": "squareDoor instancia 10019",
                    "duration": 0,
                    "keyframe": false
                }
            ],
            "frameRate": 24,
            "skipMissedFrames": true
        },
        {
            "key": "squareDoorClose",
            "type": "frame",
            "frames": [
                {
                    "key": "newSupaAnimationsRune2",
                    "frame": "squareDoor instancia 10020",
                    "duration": 0,
                    "keyframe": false
                },
                {
                    "key": "newSupaAnimationsRune2",
                    "frame": "squareDoor instancia 10021",
                    "duration": 0,
                    "keyframe": false
                },
                {
                    "key": "newSupaAnimationsRune2",
                    "frame": "squareDoor instancia 10022",
                    "duration": 0,
                    "keyframe": false
                },
                {
                    "key": "newSupaAnimationsRune2",
                    "frame": "squareDoor instancia 10023",
                    "duration": 0,
                    "keyframe": false
                },
                {
                    "key": "newSupaAnimationsRune2",
                    "frame": "squareDoor instancia 10024",
                    "duration": 0,
                    "keyframe": false
                },
                {
                    "key": "newSupaAnimationsRune2",
                    "frame": "squareDoor instancia 10025",
                    "duration": 0,
                    "keyframe": false
                },
                {
                    "key": "newSupaAnimationsRune2",
                    "frame": "squareDoor instancia 10026",
                    "duration": 0,
                    "keyframe": false
                },
                {
                    "key": "newSupaAnimationsRune2",
                    "frame": "squareDoor instancia 10027",
                    "duration": 0,
                    "keyframe": false
                },
                {
                    "key": "newSupaAnimationsRune2",
                    "frame": "squareDoor instancia 10028",
                    "duration": 0,
                    "keyframe": false
                },
                {
                    "key": "newSupaAnimationsRune2",
                    "frame": "squareDoor instancia 10029",
                    "duration": 0,
                    "keyframe": false
                }
            ],
            "frameRate": 24,
            "skipMissedFrames": true
        },
        {
            "key": "doubleJump",
            "type": "frame",
            "frames": [
                {
                    "key": "newSupaAnimationsRune2Powers",
                    "frame": "doubleJump0000",
                    "duration": 0,
                    "keyframe": false
                },
                {
                    "key": "newSupaAnimationsRune2Powers",
                    "frame": "doubleJump0001",
                    "duration": 0,
                    "keyframe": false
                },
                {
                    "key": "newSupaAnimationsRune2Powers",
                    "frame": "doubleJump0002",
                    "duration": 0,
                    "keyframe": false
                },
                {
                    "key": "newSupaAnimationsRune2Powers",
                    "frame": "doubleJump0003",
                    "duration": 0,
                    "keyframe": false
                },
                {
                    "key": "newSupaAnimationsRune2Powers",
                    "frame": "doubleJump0004",
                    "duration": 0,
                    "keyframe": false
                },
                {
                    "key": "newSupaAnimationsRune2Powers",
                    "frame": "doubleJump0005",
                    "duration": 0,
                    "keyframe": false
                },
                {
                    "key": "newSupaAnimationsRune2Powers",
                    "frame": "doubleJump0006",
                    "duration": 0,
                    "keyframe": false
                },
                {
                    "key": "newSupaAnimationsRune2Powers",
                    "frame": "doubleJump0007",
                    "duration": 0,
                    "keyframe": false
                },
                {
                    "key": "newSupaAnimationsRune2Powers",
                    "frame": "doubleJump0008",
                    "duration": 0,
                    "keyframe": false
                },
                {
                    "key": "newSupaAnimationsRune2Powers",
                    "frame": "doubleJump0009",
                    "duration": 0,
                    "keyframe": false
                },
                {
                    "key": "newSupaAnimationsRune2Powers",
                    "frame": "doubleJump0010",
                    "duration": 0,
                    "keyframe": false
                },
                {
                    "key": "newSupaAnimationsRune2Powers",
                    "frame": "doubleJump0011",
                    "duration": 0,
                    "keyframe": false
                },
                {
                    "key": "newSupaAnimationsRune2Powers",
                    "frame": "doubleJump0012",
                    "duration": 0,
                    "keyframe": false
                }
            ],
            "frameRate": 24,
            "skipMissedFrames": true
        },
        {
            "key": "cannonStrike",
            "type": "frame",
            "frames": [
                {
                    "key": "newSupaAnimationsRune2Powers",
                    "frame": "cannonStrike0000",
                    "duration": 0,
                    "keyframe": false
                },
                {
                    "key": "newSupaAnimationsRune2Powers",
                    "frame": "cannonStrike0001",
                    "duration": 0,
                    "keyframe": false
                },
                {
                    "key": "newSupaAnimationsRune2Powers",
                    "frame": "cannonStrike0002",
                    "duration": 0,
                    "keyframe": false
                },
                {
                    "key": "newSupaAnimationsRune2Powers",
                    "frame": "cannonStrike0003",
                    "duration": 0,
                    "keyframe": false
                },
                {
                    "key": "newSupaAnimationsRune2Powers",
                    "frame": "cannonStrike0004",
                    "duration": 0,
                    "keyframe": false
                },
                {
                    "key": "newSupaAnimationsRune2Powers",
                    "frame": "cannonStrike0005",
                    "duration": 0,
                    "keyframe": false
                },
                {
                    "key": "newSupaAnimationsRune2Powers",
                    "frame": "cannonStrike0006",
                    "duration": 0,
                    "keyframe": false
                },
                {
                    "key": "newSupaAnimationsRune2Powers",
                    "frame": "cannonStrike0007",
                    "duration": 0,
                    "keyframe": false
                },
                {
                    "key": "newSupaAnimationsRune2Powers",
                    "frame": "cannonStrike0008",
                    "duration": 0,
                    "keyframe": false
                },
                {
                    "key": "newSupaAnimationsRune2Powers",
                    "frame": "cannonStrike0009",
                    "duration": 0,
                    "keyframe": false
                },
                {
                    "key": "newSupaAnimationsRune2Powers",
                    "frame": "cannonStrike0010",
                    "duration": 0,
                    "keyframe": false
                },
                {
                    "key": "newSupaAnimationsRune2Powers",
                    "frame": "cannonStrike0011",
                    "duration": 0,
                    "keyframe": false
                },
                {
                    "key": "newSupaAnimationsRune2Powers",
                    "frame": "cannonStrike0012",
                    "duration": 0,
                    "keyframe": false
                }
            ],
            "frameRate": 24,
            "skipMissedFrames": true
        }
    ],
    "globalTimeScale": 1,
    "meta": {
        "app": "Phaser Editor 2D v3",
        "contentType": "Phaser v3 Animations"
    }
}