﻿{"frames": {

"blobberIdle instance 10000":
{
	"frame": {"x":1,"y":1,"w":95,"h":40},
	"rotated": false,
	"trimmed": true,
	"spriteSourceSize": {"x":0,"y":1,"w":95,"h":42},
	"sourceSize": {"w":95,"h":42}
},
"blobberIdle instance 10001":
{
	"frame": {"x":97,"y":1,"w":95,"h":40},
	"rotated": false,
	"trimmed": true,
	"spriteSourceSize": {"x":0,"y":1,"w":95,"h":42},
	"sourceSize": {"w":95,"h":42}
},
"blobberIdle instance 10002":
{
	"frame": {"x":193,"y":1,"w":95,"h":40},
	"rotated": false,
	"trimmed": true,
	"spriteSourceSize": {"x":0,"y":1,"w":95,"h":42},
	"sourceSize": {"w":95,"h":42}
},
"blobberIdle instance 10003":
{
	"frame": {"x":289,"y":1,"w":95,"h":41},
	"rotated": false,
	"trimmed": true,
	"spriteSourceSize": {"x":0,"y":1,"w":95,"h":42},
	"sourceSize": {"w":95,"h":42}
},
"blobberIdle instance 10004":
{
	"frame": {"x":385,"y":1,"w":95,"h":42},
	"rotated": false,
	"trimmed": true,
	"spriteSourceSize": {"x":0,"y":0,"w":95,"h":42},
	"sourceSize": {"w":95,"h":42}
},
"blobberIdle instance 10005":
{
	"frame": {"x":1,"y":44,"w":95,"h":41},
	"rotated": false,
	"trimmed": true,
	"spriteSourceSize": {"x":0,"y":1,"w":95,"h":42},
	"sourceSize": {"w":95,"h":42}
},
"blobberIdle instance 10006":
{
	"frame": {"x":97,"y":44,"w":95,"h":40},
	"rotated": false,
	"trimmed": true,
	"spriteSourceSize": {"x":0,"y":1,"w":95,"h":42},
	"sourceSize": {"w":95,"h":42}
},
"blobberIdle instance 10007":
{
	"frame": {"x":193,"y":44,"w":95,"h":40},
	"rotated": false,
	"trimmed": true,
	"spriteSourceSize": {"x":0,"y":1,"w":95,"h":42},
	"sourceSize": {"w":95,"h":42}
},
"blobberIdle instance 10008":
{
	"frame": {"x":289,"y":44,"w":95,"h":40},
	"rotated": false,
	"trimmed": true,
	"spriteSourceSize": {"x":0,"y":1,"w":95,"h":42},
	"sourceSize": {"w":95,"h":42}
},
"blobberIdle instance 10009":
{
	"frame": {"x":385,"y":44,"w":95,"h":40},
	"rotated": false,
	"trimmed": true,
	"spriteSourceSize": {"x":0,"y":1,"w":95,"h":42},
	"sourceSize": {"w":95,"h":42}
},
"blobberIdle instance 10010":
{
	"frame": {"x":1,"y":86,"w":95,"h":40},
	"rotated": false,
	"trimmed": true,
	"spriteSourceSize": {"x":0,"y":1,"w":95,"h":42},
	"sourceSize": {"w":95,"h":42}
},
"blobberIdle instance 10011":
{
	"frame": {"x":97,"y":86,"w":95,"h":40},
	"rotated": false,
	"trimmed": true,
	"spriteSourceSize": {"x":0,"y":1,"w":95,"h":42},
	"sourceSize": {"w":95,"h":42}
},
"blobberIdle instance 10012":
{
	"frame": {"x":193,"y":86,"w":95,"h":40},
	"rotated": false,
	"trimmed": true,
	"spriteSourceSize": {"x":0,"y":1,"w":95,"h":42},
	"sourceSize": {"w":95,"h":42}
},
"blobberIdle instance 10013":
{
	"frame": {"x":289,"y":86,"w":95,"h":41},
	"rotated": false,
	"trimmed": true,
	"spriteSourceSize": {"x":0,"y":1,"w":95,"h":42},
	"sourceSize": {"w":95,"h":42}
},
"blobberIdle instance 10014":
{
	"frame": {"x":385,"y":86,"w":95,"h":41},
	"rotated": false,
	"trimmed": true,
	"spriteSourceSize": {"x":0,"y":1,"w":95,"h":42},
	"sourceSize": {"w":95,"h":42}
}},
"meta": {
	"app": "Adobe Animate",
	"version": "20.5.1.31044",
	"image": "Blobber 2.png",
	"format": "RGBA8888",
	"size": {"w":512,"h":128},
	"scale": "1"
}
}
