﻿{"frames": {

"CyberPigeon instance 10000":
{
	"frame": {"x":1,"y":1,"w":53,"h":60},
	"rotated": false,
	"trimmed": true,
	"spriteSourceSize": {"x":2,"y":0,"w":61,"h":67},
	"sourceSize": {"w":61,"h":67}
},
"CyberPigeon instance 10001":
{
	"frame": {"x":55,"y":1,"w":61,"h":59},
	"rotated": false,
	"trimmed": true,
	"spriteSourceSize": {"x":0,"y":8,"w":61,"h":67},
	"sourceSize": {"w":61,"h":67}
},
"CyberPigeon instance 10002":
{
	"frame": {"x":1,"y":62,"w":54,"h":59},
	"rotated": false,
	"trimmed": true,
	"spriteSourceSize": {"x":1,"y":1,"w":61,"h":67},
	"sourceSize": {"w":61,"h":67}
},
"CyberPigeon instance 10003":
{
	"frame": {"x":56,"y":62,"w":53,"h":60},
	"rotated": false,
	"trimmed": true,
	"spriteSourceSize": {"x":2,"y":0,"w":61,"h":67},
	"sourceSize": {"w":61,"h":67}
}},
"meta": {
	"app": "Adobe Animate",
	"version": "20.5.1.31044",
	"image": "CyberPigeon.png",
	"format": "RGBA8888",
	"size": {"w":128,"h":128},
	"scale": "1"
}
}
