﻿{"frames": {

"pirana0000":
{
	"frame": {"x":1,"y":1,"w":32,"h":53},
	"rotated": false,
	"trimmed": true,
	"spriteSourceSize": {"x":2,"y":0,"w":34,"h":54},
	"sourceSize": {"w":34,"h":54}
},
"pirana0001":
{
	"frame": {"x":34,"y":1,"w":32,"h":52},
	"rotated": false,
	"trimmed": true,
	"spriteSourceSize": {"x":1,"y":0,"w":34,"h":54},
	"sourceSize": {"w":34,"h":54}
},
"pirana0002":
{
	"frame": {"x":67,"y":1,"w":32,"h":52},
	"rotated": false,
	"trimmed": true,
	"spriteSourceSize": {"x":1,"y":0,"w":34,"h":54},
	"sourceSize": {"w":34,"h":54}
},
"pirana0003":
{
	"frame": {"x":1,"y":55,"w":33,"h":53},
	"rotated": false,
	"trimmed": true,
	"spriteSourceSize": {"x":0,"y":0,"w":34,"h":54},
	"sourceSize": {"w":34,"h":54}
},
"pirana0004":
{
	"frame": {"x":35,"y":55,"w":32,"h":54},
	"rotated": false,
	"trimmed": true,
	"spriteSourceSize": {"x":0,"y":0,"w":34,"h":54},
	"sourceSize": {"w":34,"h":54}
},
"pirana0005":
{
	"frame": {"x":68,"y":55,"w":33,"h":53},
	"rotated": false,
	"trimmed": true,
	"spriteSourceSize": {"x":0,"y":0,"w":34,"h":54},
	"sourceSize": {"w":34,"h":54}
},
"pirana0006":
{
	"frame": {"x":1,"y":110,"w":32,"h":52},
	"rotated": false,
	"trimmed": true,
	"spriteSourceSize": {"x":1,"y":0,"w":34,"h":54},
	"sourceSize": {"w":34,"h":54}
},
"pirana0007":
{
	"frame": {"x":34,"y":110,"w":32,"h":52},
	"rotated": false,
	"trimmed": true,
	"spriteSourceSize": {"x":1,"y":0,"w":34,"h":54},
	"sourceSize": {"w":34,"h":54}
},
"pirana0008":
{
	"frame": {"x":67,"y":110,"w":32,"h":53},
	"rotated": false,
	"trimmed": true,
	"spriteSourceSize": {"x":2,"y":0,"w":34,"h":54},
	"sourceSize": {"w":34,"h":54}
}},
"meta": {
	"app": "Adobe Animate",
	"version": "19.2.1.408",
	"image": "mechapirana.png",
	"format": "RGBA8888",
	"size": {"w":128,"h":256},
	"scale": "1"
}
}
