﻿{"frames": {

"alert instance 10000":
{
	"frame": {"x":1,"y":1,"w":30,"h":27},
	"rotated": false,
	"trimmed": false,
	"spriteSourceSize": {"x":0,"y":0,"w":30,"h":27},
	"sourceSize": {"w":30,"h":27}
},
"misileOff instance 10000":
{
	"frame": {"x":32,"y":1,"w":26,"h":45},
	"rotated": false,
	"trimmed": false,
	"spriteSourceSize": {"x":0,"y":0,"w":26,"h":45},
	"sourceSize": {"w":26,"h":45}
},
"misileOff instance 20000":
{
	"frame": {"x":1,"y":47,"w":45,"h":26},
	"rotated": false,
	"trimmed": false,
	"spriteSourceSize": {"x":0,"y":0,"w":45,"h":26},
	"sourceSize": {"w":45,"h":26}
}},
"meta": {
	"app": "Adobe Animate",
	"version": "19.2.1.408",
	"image": "misile.png",
	"format": "RGBA8888",
	"size": {"w":64,"h":128},
	"scale": "1"
}
}
