﻿{"frames": {

"JetpackBtn instance 10000":
{
	"frame": {"x":1,"y":1,"w":65,"h":64},
	"rotated": false,
	"trimmed": false,
	"spriteSourceSize": {"x":0,"y":0,"w":65,"h":64},
	"sourceSize": {"w":65,"h":64}
},
"JetpackBtn instance 10001":
{
	"frame": {"x":67,"y":1,"w":65,"h":64},
	"rotated": false,
	"trimmed": false,
	"spriteSourceSize": {"x":0,"y":0,"w":65,"h":64},
	"sourceSize": {"w":65,"h":64}
},
"JetpackBtn instance 10002":
{
	"frame": {"x":133,"y":1,"w":65,"h":64},
	"rotated": false,
	"trimmed": false,
	"spriteSourceSize": {"x":0,"y":0,"w":65,"h":64},
	"sourceSize": {"w":65,"h":64}
},
"JetpackBtn instance 10003":
{
	"frame": {"x":199,"y":1,"w":65,"h":64},
	"rotated": false,
	"trimmed": false,
	"spriteSourceSize": {"x":0,"y":0,"w":65,"h":64},
	"sourceSize": {"w":65,"h":64}
},
"JetpackBtn instance 10004":
{
	"frame": {"x":265,"y":1,"w":65,"h":64},
	"rotated": false,
	"trimmed": false,
	"spriteSourceSize": {"x":0,"y":0,"w":65,"h":64},
	"sourceSize": {"w":65,"h":64}
},
"JetpackBtn instance 10005":
{
	"frame": {"x":331,"y":1,"w":65,"h":64},
	"rotated": false,
	"trimmed": false,
	"spriteSourceSize": {"x":0,"y":0,"w":65,"h":64},
	"sourceSize": {"w":65,"h":64}
},
"Symbol 11 instance 10000":
{
	"frame": {"x":397,"y":1,"w":65,"h":64},
	"rotated": false,
	"trimmed": false,
	"spriteSourceSize": {"x":0,"y":0,"w":65,"h":64},
	"sourceSize": {"w":65,"h":64}
},
"Symbol 11 instance 10001":
{
	"frame": {"x":463,"y":1,"w":65,"h":64},
	"rotated": false,
	"trimmed": false,
	"spriteSourceSize": {"x":0,"y":0,"w":65,"h":64},
	"sourceSize": {"w":65,"h":64}
},
"Symbol 11 instance 10002":
{
	"frame": {"x":529,"y":1,"w":65,"h":64},
	"rotated": false,
	"trimmed": false,
	"spriteSourceSize": {"x":0,"y":0,"w":65,"h":64},
	"sourceSize": {"w":65,"h":64}
},
"Symbol 11 instance 10003":
{
	"frame": {"x":595,"y":1,"w":65,"h":64},
	"rotated": false,
	"trimmed": false,
	"spriteSourceSize": {"x":0,"y":0,"w":65,"h":64},
	"sourceSize": {"w":65,"h":64}
},
"Symbol 11 instance 10004":
{
	"frame": {"x":661,"y":1,"w":65,"h":64},
	"rotated": false,
	"trimmed": false,
	"spriteSourceSize": {"x":0,"y":0,"w":65,"h":64},
	"sourceSize": {"w":65,"h":64}
},
"Symbol 11 instance 10005":
{
	"frame": {"x":727,"y":1,"w":65,"h":64},
	"rotated": false,
	"trimmed": false,
	"spriteSourceSize": {"x":0,"y":0,"w":65,"h":64},
	"sourceSize": {"w":65,"h":64}
},
"Symbol 33 instance 10000":
{
	"frame": {"x":793,"y":1,"w":39,"h":35},
	"rotated": false,
	"trimmed": false,
	"spriteSourceSize": {"x":0,"y":0,"w":39,"h":35},
	"sourceSize": {"w":39,"h":35}
},
"Symbol 33 instance 10001":
{
	"frame": {"x":833,"y":1,"w":39,"h":35},
	"rotated": false,
	"trimmed": false,
	"spriteSourceSize": {"x":0,"y":0,"w":39,"h":35},
	"sourceSize": {"w":39,"h":35}
},
"Symbol 33 instance 10002":
{
	"frame": {"x":873,"y":1,"w":39,"h":35},
	"rotated": false,
	"trimmed": false,
	"spriteSourceSize": {"x":0,"y":0,"w":39,"h":35},
	"sourceSize": {"w":39,"h":35}
},
"Symbol 33 instance 10003":
{
	"frame": {"x":913,"y":1,"w":39,"h":35},
	"rotated": false,
	"trimmed": false,
	"spriteSourceSize": {"x":0,"y":0,"w":39,"h":35},
	"sourceSize": {"w":39,"h":35}
},
"Symbol 33 instance 10004":
{
	"frame": {"x":953,"y":1,"w":39,"h":35},
	"rotated": false,
	"trimmed": false,
	"spriteSourceSize": {"x":0,"y":0,"w":39,"h":35},
	"sourceSize": {"w":39,"h":35}
},
"Symbol 33 instance 10005":
{
	"frame": {"x":1,"y":66,"w":39,"h":35},
	"rotated": false,
	"trimmed": false,
	"spriteSourceSize": {"x":0,"y":0,"w":39,"h":35},
	"sourceSize": {"w":39,"h":35}
},
"Symbol 33 instance 10006":
{
	"frame": {"x":41,"y":66,"w":39,"h":35},
	"rotated": false,
	"trimmed": false,
	"spriteSourceSize": {"x":0,"y":0,"w":39,"h":35},
	"sourceSize": {"w":39,"h":35}
},
"Symbol 33 instance 10007":
{
	"frame": {"x":81,"y":66,"w":39,"h":35},
	"rotated": false,
	"trimmed": false,
	"spriteSourceSize": {"x":0,"y":0,"w":39,"h":35},
	"sourceSize": {"w":39,"h":35}
},
"Symbol 35 instance 10000":
{
	"frame": {"x":121,"y":66,"w":32,"h":33},
	"rotated": false,
	"trimmed": false,
	"spriteSourceSize": {"x":0,"y":0,"w":32,"h":33},
	"sourceSize": {"w":32,"h":33}
},
"Symbol 35 instance 10001":
{
	"frame": {"x":154,"y":66,"w":32,"h":33},
	"rotated": false,
	"trimmed": false,
	"spriteSourceSize": {"x":0,"y":0,"w":32,"h":33},
	"sourceSize": {"w":32,"h":33}
},
"Symbol 35 instance 10002":
{
	"frame": {"x":187,"y":66,"w":32,"h":33},
	"rotated": false,
	"trimmed": false,
	"spriteSourceSize": {"x":0,"y":0,"w":32,"h":33},
	"sourceSize": {"w":32,"h":33}
},
"poste instance 10000":
{
	"frame": {"x":220,"y":66,"w":137,"h":265},
	"rotated": false,
	"trimmed": false,
	"spriteSourceSize": {"x":0,"y":0,"w":137,"h":265},
	"sourceSize": {"w":137,"h":265}
},
"poste instance 10001":
{
	"frame": {"x":358,"y":66,"w":137,"h":265},
	"rotated": false,
	"trimmed": false,
	"spriteSourceSize": {"x":0,"y":0,"w":137,"h":265},
	"sourceSize": {"w":137,"h":265}
},
"poste instance 10002":
{
	"frame": {"x":496,"y":66,"w":137,"h":265},
	"rotated": false,
	"trimmed": false,
	"spriteSourceSize": {"x":0,"y":0,"w":137,"h":265},
	"sourceSize": {"w":137,"h":265}
},
"poste instance 10003":
{
	"frame": {"x":634,"y":66,"w":137,"h":265},
	"rotated": false,
	"trimmed": false,
	"spriteSourceSize": {"x":0,"y":0,"w":137,"h":265},
	"sourceSize": {"w":137,"h":265}
},
"poste instance 10004":
{
	"frame": {"x":772,"y":66,"w":92,"h":265},
	"rotated": false,
	"trimmed": true,
	"spriteSourceSize": {"x":0,"y":0,"w":137,"h":265},
	"sourceSize": {"w":137,"h":265}
},
"poste instance 10005":
{
	"frame": {"x":865,"y":66,"w":137,"h":265},
	"rotated": false,
	"trimmed": false,
	"spriteSourceSize": {"x":0,"y":0,"w":137,"h":265},
	"sourceSize": {"w":137,"h":265}
},
"poste instance 10006":
{
	"frame": {"x":1,"y":332,"w":137,"h":265},
	"rotated": false,
	"trimmed": false,
	"spriteSourceSize": {"x":0,"y":0,"w":137,"h":265},
	"sourceSize": {"w":137,"h":265}
},
"poste instance 10007":
{
	"frame": {"x":139,"y":332,"w":137,"h":265},
	"rotated": false,
	"trimmed": false,
	"spriteSourceSize": {"x":0,"y":0,"w":137,"h":265},
	"sourceSize": {"w":137,"h":265}
},
"poste instance 10008":
{
	"frame": {"x":277,"y":332,"w":92,"h":265},
	"rotated": false,
	"trimmed": true,
	"spriteSourceSize": {"x":0,"y":0,"w":137,"h":265},
	"sourceSize": {"w":137,"h":265}
},
"poste instance 10009":
{
	"frame": {"x":370,"y":332,"w":92,"h":265},
	"rotated": false,
	"trimmed": true,
	"spriteSourceSize": {"x":0,"y":0,"w":137,"h":265},
	"sourceSize": {"w":137,"h":265}
}},
"meta": {
	"app": "Adobe Animate",
	"version": "19.2.1.408",
	"image": "propsNew2.png",
	"format": "RGBA8888",
	"size": {"w":1024,"h":1024},
	"scale": "1"
}
}
