﻿{"frames": {

"beat0000":
{
	"frame": {"x":1,"y":1,"w":96,"h":110},
	"rotated": false,
	"trimmed": true,
	"spriteSourceSize": {"x":10,"y":0,"w":107,"h":110},
	"sourceSize": {"w":107,"h":110}
},
"beat0001":
{
	"frame": {"x":98,"y":1,"w":95,"h":109},
	"rotated": false,
	"trimmed": true,
	"spriteSourceSize": {"x":11,"y":1,"w":107,"h":110},
	"sourceSize": {"w":107,"h":110}
},
"beat0002":
{
	"frame": {"x":194,"y":1,"w":95,"h":108},
	"rotated": false,
	"trimmed": true,
	"spriteSourceSize": {"x":12,"y":2,"w":107,"h":110},
	"sourceSize": {"w":107,"h":110}
},
"beat0003":
{
	"frame": {"x":290,"y":1,"w":93,"h":109},
	"rotated": false,
	"trimmed": true,
	"spriteSourceSize": {"x":14,"y":1,"w":107,"h":110},
	"sourceSize": {"w":107,"h":110}
},
"beat0004":
{
	"frame": {"x":384,"y":1,"w":95,"h":109},
	"rotated": false,
	"trimmed": true,
	"spriteSourceSize": {"x":11,"y":1,"w":107,"h":110},
	"sourceSize": {"w":107,"h":110}
},
"beat0005":
{
	"frame": {"x":480,"y":1,"w":95,"h":108},
	"rotated": false,
	"trimmed": true,
	"spriteSourceSize": {"x":9,"y":2,"w":107,"h":110},
	"sourceSize": {"w":107,"h":110}
},
"beat0006":
{
	"frame": {"x":576,"y":1,"w":96,"h":107},
	"rotated": false,
	"trimmed": true,
	"spriteSourceSize": {"x":6,"y":3,"w":107,"h":110},
	"sourceSize": {"w":107,"h":110}
},
"beat0007":
{
	"frame": {"x":673,"y":1,"w":96,"h":106},
	"rotated": false,
	"trimmed": true,
	"spriteSourceSize": {"x":5,"y":4,"w":107,"h":110},
	"sourceSize": {"w":107,"h":110}
},
"beat0008":
{
	"frame": {"x":770,"y":1,"w":95,"h":104},
	"rotated": false,
	"trimmed": true,
	"spriteSourceSize": {"x":3,"y":6,"w":107,"h":110},
	"sourceSize": {"w":107,"h":110}
},
"beat0009":
{
	"frame": {"x":866,"y":1,"w":97,"h":102},
	"rotated": false,
	"trimmed": true,
	"spriteSourceSize": {"x":2,"y":8,"w":107,"h":110},
	"sourceSize": {"w":107,"h":110}
},
"beat0010":
{
	"frame": {"x":964,"y":1,"w":99,"h":98},
	"rotated": false,
	"trimmed": true,
	"spriteSourceSize": {"x":1,"y":12,"w":107,"h":110},
	"sourceSize": {"w":107,"h":110}
},
"beat0011":
{
	"frame": {"x":1064,"y":1,"w":102,"h":95},
	"rotated": false,
	"trimmed": true,
	"spriteSourceSize": {"x":0,"y":15,"w":107,"h":110},
	"sourceSize": {"w":107,"h":110}
},
"beat0012":
{
	"frame": {"x":1167,"y":1,"w":103,"h":94},
	"rotated": false,
	"trimmed": true,
	"spriteSourceSize": {"x":0,"y":16,"w":107,"h":110},
	"sourceSize": {"w":107,"h":110}
},
"beat0013":
{
	"frame": {"x":1271,"y":1,"w":105,"h":95},
	"rotated": false,
	"trimmed": true,
	"spriteSourceSize": {"x":0,"y":15,"w":107,"h":110},
	"sourceSize": {"w":107,"h":110}
},
"beat0014":
{
	"frame": {"x":1377,"y":1,"w":106,"h":95},
	"rotated": false,
	"trimmed": true,
	"spriteSourceSize": {"x":0,"y":15,"w":107,"h":110},
	"sourceSize": {"w":107,"h":110}
},
"damage0000":
{
	"frame": {"x":1484,"y":1,"w":93,"h":103},
	"rotated": false,
	"trimmed": true,
	"spriteSourceSize": {"x":3,"y":1,"w":97,"h":104},
	"sourceSize": {"w":97,"h":104}
},
"damage0001":
{
	"frame": {"x":1578,"y":1,"w":93,"h":103},
	"rotated": false,
	"trimmed": true,
	"spriteSourceSize": {"x":3,"y":1,"w":97,"h":104},
	"sourceSize": {"w":97,"h":104}
},
"damage0002":
{
	"frame": {"x":1672,"y":1,"w":93,"h":103},
	"rotated": false,
	"trimmed": true,
	"spriteSourceSize": {"x":3,"y":1,"w":97,"h":104},
	"sourceSize": {"w":97,"h":104}
},
"damage0003":
{
	"frame": {"x":1766,"y":1,"w":94,"h":103},
	"rotated": false,
	"trimmed": true,
	"spriteSourceSize": {"x":3,"y":1,"w":97,"h":104},
	"sourceSize": {"w":97,"h":104}
},
"damage0004":
{
	"frame": {"x":1861,"y":1,"w":95,"h":103},
	"rotated": false,
	"trimmed": true,
	"spriteSourceSize": {"x":2,"y":1,"w":97,"h":104},
	"sourceSize": {"w":97,"h":104}
},
"damage0005":
{
	"frame": {"x":1,"y":112,"w":95,"h":103},
	"rotated": false,
	"trimmed": true,
	"spriteSourceSize": {"x":1,"y":1,"w":97,"h":104},
	"sourceSize": {"w":97,"h":104}
},
"damage0006":
{
	"frame": {"x":97,"y":112,"w":96,"h":104},
	"rotated": false,
	"trimmed": true,
	"spriteSourceSize": {"x":0,"y":0,"w":97,"h":104},
	"sourceSize": {"w":97,"h":104}
},
"damage0007":
{
	"frame": {"x":194,"y":112,"w":94,"h":104},
	"rotated": false,
	"trimmed": true,
	"spriteSourceSize": {"x":2,"y":0,"w":97,"h":104},
	"sourceSize": {"w":97,"h":104}
},
"damage0008":
{
	"frame": {"x":289,"y":112,"w":92,"h":103},
	"rotated": false,
	"trimmed": true,
	"spriteSourceSize": {"x":4,"y":1,"w":97,"h":104},
	"sourceSize": {"w":97,"h":104}
},
"damage0009":
{
	"frame": {"x":382,"y":112,"w":91,"h":103},
	"rotated": false,
	"trimmed": true,
	"spriteSourceSize": {"x":5,"y":1,"w":97,"h":104},
	"sourceSize": {"w":97,"h":104}
},
"damage0010":
{
	"frame": {"x":474,"y":112,"w":91,"h":103},
	"rotated": false,
	"trimmed": true,
	"spriteSourceSize": {"x":5,"y":1,"w":97,"h":104},
	"sourceSize": {"w":97,"h":104}
},
"damage0011":
{
	"frame": {"x":566,"y":112,"w":91,"h":103},
	"rotated": false,
	"trimmed": true,
	"spriteSourceSize": {"x":5,"y":1,"w":97,"h":104},
	"sourceSize": {"w":97,"h":104}
},
"damage0012":
{
	"frame": {"x":658,"y":112,"w":92,"h":103},
	"rotated": false,
	"trimmed": true,
	"spriteSourceSize": {"x":4,"y":1,"w":97,"h":104},
	"sourceSize": {"w":97,"h":104}
},
"damage0013":
{
	"frame": {"x":751,"y":112,"w":92,"h":103},
	"rotated": false,
	"trimmed": true,
	"spriteSourceSize": {"x":4,"y":1,"w":97,"h":104},
	"sourceSize": {"w":97,"h":104}
},
"damage0014":
{
	"frame": {"x":844,"y":112,"w":92,"h":103},
	"rotated": false,
	"trimmed": true,
	"spriteSourceSize": {"x":4,"y":1,"w":97,"h":104},
	"sourceSize": {"w":97,"h":104}
},
"damage0015":
{
	"frame": {"x":937,"y":112,"w":92,"h":103},
	"rotated": false,
	"trimmed": true,
	"spriteSourceSize": {"x":4,"y":1,"w":97,"h":104},
	"sourceSize": {"w":97,"h":104}
},
"damage0016":
{
	"frame": {"x":1030,"y":112,"w":93,"h":103},
	"rotated": false,
	"trimmed": true,
	"spriteSourceSize": {"x":4,"y":1,"w":97,"h":104},
	"sourceSize": {"w":97,"h":104}
},
"damage0017":
{
	"frame": {"x":1124,"y":112,"w":93,"h":103},
	"rotated": false,
	"trimmed": true,
	"spriteSourceSize": {"x":4,"y":1,"w":97,"h":104},
	"sourceSize": {"w":97,"h":104}
},
"damage0018":
{
	"frame": {"x":1218,"y":112,"w":92,"h":103},
	"rotated": false,
	"trimmed": true,
	"spriteSourceSize": {"x":4,"y":1,"w":97,"h":104},
	"sourceSize": {"w":97,"h":104}
},
"damage0019":
{
	"frame": {"x":1311,"y":112,"w":92,"h":104},
	"rotated": false,
	"trimmed": true,
	"spriteSourceSize": {"x":4,"y":0,"w":97,"h":104},
	"sourceSize": {"w":97,"h":104}
},
"falling0000":
{
	"frame": {"x":1404,"y":112,"w":96,"h":108},
	"rotated": false,
	"trimmed": false,
	"spriteSourceSize": {"x":0,"y":0,"w":96,"h":108},
	"sourceSize": {"w":96,"h":108}
},
"firing0000":
{
	"frame": {"x":1501,"y":112,"w":98,"h":108},
	"rotated": false,
	"trimmed": false,
	"spriteSourceSize": {"x":0,"y":0,"w":98,"h":108},
	"sourceSize": {"w":98,"h":108}
},
"firing0001":
{
	"frame": {"x":1600,"y":112,"w":98,"h":108},
	"rotated": false,
	"trimmed": false,
	"spriteSourceSize": {"x":0,"y":0,"w":98,"h":108},
	"sourceSize": {"w":98,"h":108}
},
"firing0002":
{
	"frame": {"x":1699,"y":112,"w":98,"h":108},
	"rotated": false,
	"trimmed": false,
	"spriteSourceSize": {"x":0,"y":0,"w":98,"h":108},
	"sourceSize": {"w":98,"h":108}
},
"firing0003":
{
	"frame": {"x":1798,"y":112,"w":98,"h":108},
	"rotated": false,
	"trimmed": false,
	"spriteSourceSize": {"x":0,"y":0,"w":98,"h":108},
	"sourceSize": {"w":98,"h":108}
},
"firing0004":
{
	"frame": {"x":1897,"y":112,"w":98,"h":108},
	"rotated": false,
	"trimmed": false,
	"spriteSourceSize": {"x":0,"y":0,"w":98,"h":108},
	"sourceSize": {"w":98,"h":108}
},
"firing0005":
{
	"frame": {"x":1,"y":221,"w":98,"h":108},
	"rotated": false,
	"trimmed": false,
	"spriteSourceSize": {"x":0,"y":0,"w":98,"h":108},
	"sourceSize": {"w":98,"h":108}
},
"firing0006":
{
	"frame": {"x":100,"y":221,"w":98,"h":108},
	"rotated": false,
	"trimmed": false,
	"spriteSourceSize": {"x":0,"y":0,"w":98,"h":108},
	"sourceSize": {"w":98,"h":108}
},
"firing0007":
{
	"frame": {"x":199,"y":221,"w":98,"h":108},
	"rotated": false,
	"trimmed": false,
	"spriteSourceSize": {"x":0,"y":0,"w":98,"h":108},
	"sourceSize": {"w":98,"h":108}
},
"firing0008":
{
	"frame": {"x":298,"y":221,"w":98,"h":108},
	"rotated": false,
	"trimmed": false,
	"spriteSourceSize": {"x":0,"y":0,"w":98,"h":108},
	"sourceSize": {"w":98,"h":108}
},
"firing0009":
{
	"frame": {"x":397,"y":221,"w":98,"h":108},
	"rotated": false,
	"trimmed": false,
	"spriteSourceSize": {"x":0,"y":0,"w":98,"h":108},
	"sourceSize": {"w":98,"h":108}
},
"guardianShot instancia 10000":
{
	"frame": {"x":496,"y":221,"w":26,"h":25},
	"rotated": false,
	"trimmed": true,
	"spriteSourceSize": {"x":0,"y":0,"w":26,"h":25},
	"sourceSize": {"w":26,"h":25}
},
"guardianShot instancia 10001":
{
	"frame": {"x":523,"y":221,"w":26,"h":25},
	"rotated": false,
	"trimmed": true,
	"spriteSourceSize": {"x":0,"y":0,"w":26,"h":25},
	"sourceSize": {"w":26,"h":25}
},
"guardianShot instancia 10002":
{
	"frame": {"x":550,"y":221,"w":26,"h":25},
	"rotated": false,
	"trimmed": true,
	"spriteSourceSize": {"x":0,"y":0,"w":26,"h":25},
	"sourceSize": {"w":26,"h":25}
},
"guardianShot instancia 10003":
{
	"frame": {"x":577,"y":221,"w":26,"h":25},
	"rotated": false,
	"trimmed": true,
	"spriteSourceSize": {"x":0,"y":0,"w":26,"h":25},
	"sourceSize": {"w":26,"h":25}
},
"guardianShot instancia 10004":
{
	"frame": {"x":604,"y":221,"w":26,"h":25},
	"rotated": false,
	"trimmed": true,
	"spriteSourceSize": {"x":0,"y":0,"w":26,"h":25},
	"sourceSize": {"w":26,"h":25}
},
"guardianShot instancia 10005":
{
	"frame": {"x":631,"y":221,"w":26,"h":25},
	"rotated": false,
	"trimmed": true,
	"spriteSourceSize": {"x":0,"y":0,"w":26,"h":25},
	"sourceSize": {"w":26,"h":25}
},
"guardianShot instancia 10006":
{
	"frame": {"x":658,"y":221,"w":26,"h":25},
	"rotated": false,
	"trimmed": true,
	"spriteSourceSize": {"x":0,"y":0,"w":26,"h":25},
	"sourceSize": {"w":26,"h":25}
},
"guardianShot instancia 10007":
{
	"frame": {"x":685,"y":221,"w":26,"h":25},
	"rotated": false,
	"trimmed": true,
	"spriteSourceSize": {"x":0,"y":0,"w":26,"h":25},
	"sourceSize": {"w":26,"h":25}
},
"guardianShot instancia 10008":
{
	"frame": {"x":712,"y":221,"w":26,"h":25},
	"rotated": false,
	"trimmed": true,
	"spriteSourceSize": {"x":0,"y":0,"w":26,"h":25},
	"sourceSize": {"w":26,"h":25}
},
"guardianShot instancia 10009":
{
	"frame": {"x":739,"y":221,"w":26,"h":25},
	"rotated": false,
	"trimmed": true,
	"spriteSourceSize": {"x":0,"y":0,"w":26,"h":25},
	"sourceSize": {"w":26,"h":25}
},
"guardianShot instancia 10010":
{
	"frame": {"x":766,"y":221,"w":26,"h":25},
	"rotated": false,
	"trimmed": true,
	"spriteSourceSize": {"x":0,"y":0,"w":26,"h":25},
	"sourceSize": {"w":26,"h":25}
},
"guardianShot instancia 10011":
{
	"frame": {"x":793,"y":221,"w":26,"h":25},
	"rotated": false,
	"trimmed": true,
	"spriteSourceSize": {"x":0,"y":0,"w":26,"h":25},
	"sourceSize": {"w":26,"h":25}
},
"guardianShot instancia 10012":
{
	"frame": {"x":820,"y":221,"w":26,"h":25},
	"rotated": false,
	"trimmed": true,
	"spriteSourceSize": {"x":0,"y":0,"w":26,"h":25},
	"sourceSize": {"w":26,"h":25}
},
"guardianShot instancia 10013":
{
	"frame": {"x":847,"y":221,"w":26,"h":25},
	"rotated": false,
	"trimmed": true,
	"spriteSourceSize": {"x":0,"y":0,"w":26,"h":25},
	"sourceSize": {"w":26,"h":25}
},
"guardianShot instancia 10014":
{
	"frame": {"x":874,"y":221,"w":26,"h":25},
	"rotated": false,
	"trimmed": true,
	"spriteSourceSize": {"x":0,"y":0,"w":26,"h":25},
	"sourceSize": {"w":26,"h":25}
},
"guardianShot instancia 10015":
{
	"frame": {"x":901,"y":221,"w":26,"h":25},
	"rotated": false,
	"trimmed": true,
	"spriteSourceSize": {"x":0,"y":0,"w":26,"h":25},
	"sourceSize": {"w":26,"h":25}
},
"guardianShot instancia 10016":
{
	"frame": {"x":928,"y":221,"w":26,"h":25},
	"rotated": false,
	"trimmed": true,
	"spriteSourceSize": {"x":0,"y":0,"w":26,"h":25},
	"sourceSize": {"w":26,"h":25}
},
"guardianShot instancia 10017":
{
	"frame": {"x":955,"y":221,"w":26,"h":25},
	"rotated": false,
	"trimmed": true,
	"spriteSourceSize": {"x":0,"y":0,"w":26,"h":25},
	"sourceSize": {"w":26,"h":25}
},
"guardianShot instancia 10018":
{
	"frame": {"x":982,"y":221,"w":26,"h":25},
	"rotated": false,
	"trimmed": true,
	"spriteSourceSize": {"x":0,"y":0,"w":26,"h":25},
	"sourceSize": {"w":26,"h":25}
},
"guardianShot instancia 10019":
{
	"frame": {"x":1009,"y":221,"w":26,"h":25},
	"rotated": false,
	"trimmed": true,
	"spriteSourceSize": {"x":0,"y":0,"w":26,"h":25},
	"sourceSize": {"w":26,"h":25}
},
"guardianShot instancia 10020":
{
	"frame": {"x":1036,"y":221,"w":26,"h":25},
	"rotated": false,
	"trimmed": true,
	"spriteSourceSize": {"x":0,"y":0,"w":26,"h":25},
	"sourceSize": {"w":26,"h":25}
},
"guardianShot instancia 10021":
{
	"frame": {"x":1063,"y":221,"w":26,"h":25},
	"rotated": false,
	"trimmed": true,
	"spriteSourceSize": {"x":0,"y":0,"w":26,"h":25},
	"sourceSize": {"w":26,"h":25}
},
"guardianShot instancia 10022":
{
	"frame": {"x":1090,"y":221,"w":26,"h":25},
	"rotated": false,
	"trimmed": true,
	"spriteSourceSize": {"x":0,"y":0,"w":26,"h":25},
	"sourceSize": {"w":26,"h":25}
},
"guardianShot instancia 10023":
{
	"frame": {"x":1117,"y":221,"w":26,"h":25},
	"rotated": false,
	"trimmed": true,
	"spriteSourceSize": {"x":0,"y":0,"w":26,"h":25},
	"sourceSize": {"w":26,"h":25}
},
"guardianShot instancia 10024":
{
	"frame": {"x":1144,"y":221,"w":26,"h":25},
	"rotated": false,
	"trimmed": true,
	"spriteSourceSize": {"x":0,"y":0,"w":26,"h":25},
	"sourceSize": {"w":26,"h":25}
},
"guardianShot instancia 10025":
{
	"frame": {"x":1171,"y":221,"w":26,"h":25},
	"rotated": false,
	"trimmed": true,
	"spriteSourceSize": {"x":0,"y":0,"w":26,"h":25},
	"sourceSize": {"w":26,"h":25}
},
"guardianShot instancia 10026":
{
	"frame": {"x":1198,"y":221,"w":26,"h":25},
	"rotated": false,
	"trimmed": true,
	"spriteSourceSize": {"x":0,"y":0,"w":26,"h":25},
	"sourceSize": {"w":26,"h":25}
},
"guardianShot instancia 10027":
{
	"frame": {"x":1225,"y":221,"w":26,"h":25},
	"rotated": false,
	"trimmed": true,
	"spriteSourceSize": {"x":0,"y":0,"w":26,"h":25},
	"sourceSize": {"w":26,"h":25}
},
"guardianShot instancia 10028":
{
	"frame": {"x":1252,"y":221,"w":26,"h":25},
	"rotated": false,
	"trimmed": true,
	"spriteSourceSize": {"x":0,"y":0,"w":26,"h":25},
	"sourceSize": {"w":26,"h":25}
},
"guardianShot instancia 10029":
{
	"frame": {"x":1279,"y":221,"w":26,"h":25},
	"rotated": false,
	"trimmed": true,
	"spriteSourceSize": {"x":0,"y":0,"w":26,"h":25},
	"sourceSize": {"w":26,"h":25}
},
"idle0000":
{
	"frame": {"x":1306,"y":221,"w":99,"h":112},
	"rotated": false,
	"trimmed": true,
	"spriteSourceSize": {"x":0,"y":0,"w":102,"h":112},
	"sourceSize": {"w":102,"h":112}
},
"idle0001":
{
	"frame": {"x":1406,"y":221,"w":99,"h":112},
	"rotated": false,
	"trimmed": true,
	"spriteSourceSize": {"x":1,"y":0,"w":102,"h":112},
	"sourceSize": {"w":102,"h":112}
},
"idle0002":
{
	"frame": {"x":1506,"y":221,"w":99,"h":112},
	"rotated": false,
	"trimmed": true,
	"spriteSourceSize": {"x":1,"y":0,"w":102,"h":112},
	"sourceSize": {"w":102,"h":112}
},
"idle0003":
{
	"frame": {"x":1606,"y":221,"w":98,"h":112},
	"rotated": false,
	"trimmed": true,
	"spriteSourceSize": {"x":2,"y":0,"w":102,"h":112},
	"sourceSize": {"w":102,"h":112}
},
"idle0004":
{
	"frame": {"x":1705,"y":221,"w":99,"h":111},
	"rotated": false,
	"trimmed": true,
	"spriteSourceSize": {"x":2,"y":1,"w":102,"h":112},
	"sourceSize": {"w":102,"h":112}
},
"idle0005":
{
	"frame": {"x":1805,"y":221,"w":98,"h":111},
	"rotated": false,
	"trimmed": true,
	"spriteSourceSize": {"x":3,"y":1,"w":102,"h":112},
	"sourceSize": {"w":102,"h":112}
},
"idle0006":
{
	"frame": {"x":1904,"y":221,"w":98,"h":111},
	"rotated": false,
	"trimmed": true,
	"spriteSourceSize": {"x":3,"y":1,"w":102,"h":112},
	"sourceSize": {"w":102,"h":112}
},
"idle0007":
{
	"frame": {"x":1,"y":334,"w":98,"h":111},
	"rotated": false,
	"trimmed": true,
	"spriteSourceSize": {"x":4,"y":1,"w":102,"h":112},
	"sourceSize": {"w":102,"h":112}
},
"idle0008":
{
	"frame": {"x":100,"y":334,"w":98,"h":111},
	"rotated": false,
	"trimmed": true,
	"spriteSourceSize": {"x":4,"y":1,"w":102,"h":112},
	"sourceSize": {"w":102,"h":112}
},
"idle0009":
{
	"frame": {"x":199,"y":334,"w":98,"h":110},
	"rotated": false,
	"trimmed": true,
	"spriteSourceSize": {"x":4,"y":2,"w":102,"h":112},
	"sourceSize": {"w":102,"h":112}
},
"idle0010":
{
	"frame": {"x":298,"y":334,"w":98,"h":111},
	"rotated": false,
	"trimmed": true,
	"spriteSourceSize": {"x":4,"y":1,"w":102,"h":112},
	"sourceSize": {"w":102,"h":112}
},
"idle0011":
{
	"frame": {"x":397,"y":334,"w":98,"h":111},
	"rotated": false,
	"trimmed": true,
	"spriteSourceSize": {"x":4,"y":1,"w":102,"h":112},
	"sourceSize": {"w":102,"h":112}
},
"idle0012":
{
	"frame": {"x":496,"y":334,"w":98,"h":111},
	"rotated": false,
	"trimmed": true,
	"spriteSourceSize": {"x":3,"y":1,"w":102,"h":112},
	"sourceSize": {"w":102,"h":112}
},
"idle0013":
{
	"frame": {"x":595,"y":334,"w":98,"h":111},
	"rotated": false,
	"trimmed": true,
	"spriteSourceSize": {"x":3,"y":1,"w":102,"h":112},
	"sourceSize": {"w":102,"h":112}
},
"idle0014":
{
	"frame": {"x":694,"y":334,"w":99,"h":111},
	"rotated": false,
	"trimmed": true,
	"spriteSourceSize": {"x":2,"y":1,"w":102,"h":112},
	"sourceSize": {"w":102,"h":112}
},
"idle0015":
{
	"frame": {"x":794,"y":334,"w":99,"h":111},
	"rotated": false,
	"trimmed": true,
	"spriteSourceSize": {"x":2,"y":1,"w":102,"h":112},
	"sourceSize": {"w":102,"h":112}
},
"idle0016":
{
	"frame": {"x":894,"y":334,"w":98,"h":112},
	"rotated": false,
	"trimmed": true,
	"spriteSourceSize": {"x":2,"y":0,"w":102,"h":112},
	"sourceSize": {"w":102,"h":112}
},
"idle0017":
{
	"frame": {"x":993,"y":334,"w":99,"h":112},
	"rotated": false,
	"trimmed": true,
	"spriteSourceSize": {"x":1,"y":0,"w":102,"h":112},
	"sourceSize": {"w":102,"h":112}
},
"idle0018":
{
	"frame": {"x":1093,"y":334,"w":99,"h":112},
	"rotated": false,
	"trimmed": true,
	"spriteSourceSize": {"x":1,"y":0,"w":102,"h":112},
	"sourceSize": {"w":102,"h":112}
},
"idle0019":
{
	"frame": {"x":1193,"y":334,"w":99,"h":112},
	"rotated": false,
	"trimmed": true,
	"spriteSourceSize": {"x":0,"y":0,"w":102,"h":112},
	"sourceSize": {"w":102,"h":112}
},
"walking0000":
{
	"frame": {"x":1293,"y":334,"w":96,"h":108},
	"rotated": false,
	"trimmed": true,
	"spriteSourceSize": {"x":0,"y":1,"w":101,"h":109},
	"sourceSize": {"w":101,"h":109}
},
"walking0001":
{
	"frame": {"x":1390,"y":334,"w":97,"h":108},
	"rotated": false,
	"trimmed": true,
	"spriteSourceSize": {"x":0,"y":1,"w":101,"h":109},
	"sourceSize": {"w":101,"h":109}
},
"walking0002":
{
	"frame": {"x":1488,"y":334,"w":97,"h":108},
	"rotated": false,
	"trimmed": true,
	"spriteSourceSize": {"x":0,"y":1,"w":101,"h":109},
	"sourceSize": {"w":101,"h":109}
},
"walking0003":
{
	"frame": {"x":1586,"y":334,"w":98,"h":108},
	"rotated": false,
	"trimmed": true,
	"spriteSourceSize": {"x":0,"y":1,"w":101,"h":109},
	"sourceSize": {"w":101,"h":109}
},
"walking0004":
{
	"frame": {"x":1685,"y":334,"w":98,"h":108},
	"rotated": false,
	"trimmed": true,
	"spriteSourceSize": {"x":0,"y":1,"w":101,"h":109},
	"sourceSize": {"w":101,"h":109}
},
"walking0005":
{
	"frame": {"x":1784,"y":334,"w":99,"h":108},
	"rotated": false,
	"trimmed": true,
	"spriteSourceSize": {"x":0,"y":1,"w":101,"h":109},
	"sourceSize": {"w":101,"h":109}
},
"walking0006":
{
	"frame": {"x":1884,"y":334,"w":99,"h":108},
	"rotated": false,
	"trimmed": true,
	"spriteSourceSize": {"x":0,"y":1,"w":101,"h":109},
	"sourceSize": {"w":101,"h":109}
},
"walking0007":
{
	"frame": {"x":1,"y":447,"w":100,"h":108},
	"rotated": false,
	"trimmed": true,
	"spriteSourceSize": {"x":0,"y":1,"w":101,"h":109},
	"sourceSize": {"w":101,"h":109}
},
"walking0008":
{
	"frame": {"x":102,"y":447,"w":100,"h":109},
	"rotated": false,
	"trimmed": true,
	"spriteSourceSize": {"x":0,"y":0,"w":101,"h":109},
	"sourceSize": {"w":101,"h":109}
},
"walking0009":
{
	"frame": {"x":203,"y":447,"w":101,"h":109},
	"rotated": false,
	"trimmed": false,
	"spriteSourceSize": {"x":0,"y":0,"w":101,"h":109},
	"sourceSize": {"w":101,"h":109}
},
"walking0010":
{
	"frame": {"x":305,"y":447,"w":100,"h":109},
	"rotated": false,
	"trimmed": true,
	"spriteSourceSize": {"x":0,"y":0,"w":101,"h":109},
	"sourceSize": {"w":101,"h":109}
},
"walking0011":
{
	"frame": {"x":406,"y":447,"w":100,"h":108},
	"rotated": false,
	"trimmed": true,
	"spriteSourceSize": {"x":0,"y":1,"w":101,"h":109},
	"sourceSize": {"w":101,"h":109}
},
"walking0012":
{
	"frame": {"x":507,"y":447,"w":99,"h":108},
	"rotated": false,
	"trimmed": true,
	"spriteSourceSize": {"x":0,"y":1,"w":101,"h":109},
	"sourceSize": {"w":101,"h":109}
},
"walking0013":
{
	"frame": {"x":607,"y":447,"w":99,"h":108},
	"rotated": false,
	"trimmed": true,
	"spriteSourceSize": {"x":0,"y":1,"w":101,"h":109},
	"sourceSize": {"w":101,"h":109}
},
"walking0014":
{
	"frame": {"x":707,"y":447,"w":99,"h":108},
	"rotated": false,
	"trimmed": true,
	"spriteSourceSize": {"x":0,"y":1,"w":101,"h":109},
	"sourceSize": {"w":101,"h":109}
},
"walking0015":
{
	"frame": {"x":807,"y":447,"w":98,"h":108},
	"rotated": false,
	"trimmed": true,
	"spriteSourceSize": {"x":0,"y":1,"w":101,"h":109},
	"sourceSize": {"w":101,"h":109}
},
"walking0016":
{
	"frame": {"x":906,"y":447,"w":98,"h":108},
	"rotated": false,
	"trimmed": true,
	"spriteSourceSize": {"x":0,"y":1,"w":101,"h":109},
	"sourceSize": {"w":101,"h":109}
},
"walking0017":
{
	"frame": {"x":1005,"y":447,"w":97,"h":108},
	"rotated": false,
	"trimmed": true,
	"spriteSourceSize": {"x":0,"y":1,"w":101,"h":109},
	"sourceSize": {"w":101,"h":109}
},
"walking0018":
{
	"frame": {"x":1103,"y":447,"w":97,"h":108},
	"rotated": false,
	"trimmed": true,
	"spriteSourceSize": {"x":0,"y":1,"w":101,"h":109},
	"sourceSize": {"w":101,"h":109}
},
"walking0019":
{
	"frame": {"x":1201,"y":447,"w":96,"h":108},
	"rotated": false,
	"trimmed": true,
	"spriteSourceSize": {"x":0,"y":1,"w":101,"h":109},
	"sourceSize": {"w":101,"h":109}
}},
"meta": {
	"app": "Adobe Animate",
	"version": "21.0.9.42677",
	"image": "TheGuardBoss.png",
	"format": "RGBA8888",
	"size": {"w":2048,"h":1024},
	"scale": "1"
}
}
