{
    "anims": [
        {
            "key": "idleBlobber",
            "type": "frame",
            "frames": [
                {
                    "key": "Blobber",
                    "frame": "blobberIdle instance 10000",
                    "duration": 0,
                    "keyframe": false
                },
                {
                    "key": "Blobber",
                    "frame": "blobberIdle instance 10001",
                    "duration": 0,
                    "keyframe": false
                },
                {
                    "key": "Blobber",
                    "frame": "blobberIdle instance 10002",
                    "duration": 0,
                    "keyframe": false
                },
                {
                    "key": "Blobber",
                    "frame": "blobberIdle instance 10003",
                    "duration": 0,
                    "keyframe": false
                },
                {
                    "key": "Blobber",
                    "frame": "blobberIdle instance 10004",
                    "duration": 0,
                    "keyframe": false
                },
                {
                    "key": "Blobber",
                    "frame": "blobberIdle instance 10005",
                    "duration": 0,
                    "keyframe": false
                },
                {
                    "key": "Blobber",
                    "frame": "blobberIdle instance 10006",
                    "duration": 0,
                    "keyframe": false
                },
                {
                    "key": "Blobber",
                    "frame": "blobberIdle instance 10007",
                    "duration": 0,
                    "keyframe": false
                },
                {
                    "key": "Blobber",
                    "frame": "blobberIdle instance 10008",
                    "duration": 0,
                    "keyframe": false
                },
                {
                    "key": "Blobber",
                    "frame": "blobberIdle instance 10009",
                    "duration": 0,
                    "keyframe": false
                },
                {
                    "key": "Blobber",
                    "frame": "blobberIdle instance 10010",
                    "duration": 0,
                    "keyframe": false
                },
                {
                    "key": "Blobber",
                    "frame": "blobberIdle instance 10011",
                    "duration": 0,
                    "keyframe": false
                },
                {
                    "key": "Blobber",
                    "frame": "blobberIdle instance 10012",
                    "duration": 0,
                    "keyframe": false
                },
                {
                    "key": "Blobber",
                    "frame": "blobberIdle instance 10013",
                    "duration": 0,
                    "keyframe": false
                },
                {
                    "key": "Blobber",
                    "frame": "blobberIdle instance 10014",
                    "duration": 0,
                    "keyframe": false
                }
            ],
            "frameRate": 24,
            "skipMissedFrames": true,
            "repeat": -1
        }
    ],
    "globalTimeScale": 1,
    "meta": {
        "app": "Phaser Editor 2D v3",
        "contentType": "Phaser v3 Animations"
    }
}