{
    "anims": [
        {
            "key": "caminaEspin",
            "type": "frame",
            "frames": [
                {
                    "key": "puerco espin",
                    "frame": "camina0000",
                    "duration": 0,
                    "keyframe": false
                },
                {
                    "key": "puerco espin",
                    "frame": "camina0001",
                    "duration": 0,
                    "keyframe": false
                },
                {
                    "key": "puerco espin",
                    "frame": "camina0002",
                    "duration": 0,
                    "keyframe": false
                },
                {
                    "key": "puerco espin",
                    "frame": "camina0003",
                    "duration": 0,
                    "keyframe": false
                },
                {
                    "key": "puerco espin",
                    "frame": "camina0004",
                    "duration": 0,
                    "keyframe": false
                },
                {
                    "key": "puerco espin",
                    "frame": "camina0005",
                    "duration": 0,
                    "keyframe": false
                },
                {
                    "key": "puerco espin",
                    "frame": "camina0006",
                    "duration": 0,
                    "keyframe": false
                },
                {
                    "key": "puerco espin",
                    "frame": "camina0007",
                    "duration": 0,
                    "keyframe": false
                },
                {
                    "key": "puerco espin",
                    "frame": "camina0008",
                    "duration": 0,
                    "keyframe": false
                },
                {
                    "key": "puerco espin",
                    "frame": "camina0009",
                    "duration": 0,
                    "keyframe": false
                },
                {
                    "key": "puerco espin",
                    "frame": "camina0010",
                    "duration": 0,
                    "keyframe": false
                },
                {
                    "key": "puerco espin",
                    "frame": "camina0011",
                    "duration": 0,
                    "keyframe": false
                },
                {
                    "key": "puerco espin",
                    "frame": "camina0012",
                    "duration": 0,
                    "keyframe": false
                },
                {
                    "key": "puerco espin",
                    "frame": "camina0013",
                    "duration": 0,
                    "keyframe": false
                },
                {
                    "key": "puerco espin",
                    "frame": "camina0014",
                    "duration": 0,
                    "keyframe": false
                },
                {
                    "key": "puerco espin",
                    "frame": "camina0015",
                    "duration": 0,
                    "keyframe": false
                },
                {
                    "key": "puerco espin",
                    "frame": "camina0016",
                    "duration": 0,
                    "keyframe": false
                },
                {
                    "key": "puerco espin",
                    "frame": "camina0017",
                    "duration": 0,
                    "keyframe": false
                },
                {
                    "key": "puerco espin",
                    "frame": "camina0018",
                    "duration": 0,
                    "keyframe": false
                },
                {
                    "key": "puerco espin",
                    "frame": "camina0019",
                    "duration": 0,
                    "keyframe": false
                }
            ],
            "frameRate": 24,
            "skipMissedFrames": true,
            "repeat": -1
        },
        {
            "key": "idleEspin",
            "type": "frame",
            "frames": [
                {
                    "key": "puerco espin",
                    "frame": "idle0000",
                    "duration": 0,
                    "keyframe": false
                },
                {
                    "key": "puerco espin",
                    "frame": "idle0001",
                    "duration": 0,
                    "keyframe": false
                },
                {
                    "key": "puerco espin",
                    "frame": "idle0002",
                    "duration": 0,
                    "keyframe": false
                },
                {
                    "key": "puerco espin",
                    "frame": "idle0003",
                    "duration": 0,
                    "keyframe": false
                },
                {
                    "key": "puerco espin",
                    "frame": "idle0004",
                    "duration": 0,
                    "keyframe": false
                },
                {
                    "key": "puerco espin",
                    "frame": "idle0005",
                    "duration": 0,
                    "keyframe": false
                },
                {
                    "key": "puerco espin",
                    "frame": "idle0006",
                    "duration": 0,
                    "keyframe": false
                },
                {
                    "key": "puerco espin",
                    "frame": "idle0007",
                    "duration": 0,
                    "keyframe": false
                },
                {
                    "key": "puerco espin",
                    "frame": "idle0008",
                    "duration": 0,
                    "keyframe": false
                },
                {
                    "key": "puerco espin",
                    "frame": "idle0009",
                    "duration": 0,
                    "keyframe": false
                },
                {
                    "key": "puerco espin",
                    "frame": "idle0010",
                    "duration": 0,
                    "keyframe": false
                },
                {
                    "key": "puerco espin",
                    "frame": "idle0011",
                    "duration": 0,
                    "keyframe": false
                },
                {
                    "key": "puerco espin",
                    "frame": "idle0012",
                    "duration": 0,
                    "keyframe": false
                },
                {
                    "key": "puerco espin",
                    "frame": "idle0013",
                    "duration": 0,
                    "keyframe": false
                },
                {
                    "key": "puerco espin",
                    "frame": "idle0014",
                    "duration": 0,
                    "keyframe": false
                }
            ],
            "frameRate": 24,
            "skipMissedFrames": true,
            "repeat": -1
        },
        {
            "key": "puasEspin",
            "type": "frame",
            "frames": [
                {
                    "key": "puerco espin",
                    "frame": "puas0000",
                    "duration": 0,
                    "keyframe": false
                },
                {
                    "key": "puerco espin",
                    "frame": "puas0001",
                    "duration": 0,
                    "keyframe": false
                },
                {
                    "key": "puerco espin",
                    "frame": "puas0002",
                    "duration": 0,
                    "keyframe": false
                },
                {
                    "key": "puerco espin",
                    "frame": "puas0003",
                    "duration": 0,
                    "keyframe": false
                },
                {
                    "key": "puerco espin",
                    "frame": "puas0004",
                    "duration": 0,
                    "keyframe": false
                },
                {
                    "key": "puerco espin",
                    "frame": "puas0005",
                    "duration": 0,
                    "keyframe": false
                },
                {
                    "key": "puerco espin",
                    "frame": "puas0006",
                    "duration": 0,
                    "keyframe": false
                },
                {
                    "key": "puerco espin",
                    "frame": "puas0007",
                    "duration": 0,
                    "keyframe": false
                },
                {
                    "key": "puerco espin",
                    "frame": "puas0008",
                    "duration": 0,
                    "keyframe": false
                },
                {
                    "key": "puerco espin",
                    "frame": "puas0009",
                    "duration": 0,
                    "keyframe": false
                },
                {
                    "key": "puerco espin",
                    "frame": "puas0010",
                    "duration": 0,
                    "keyframe": false
                },
                {
                    "key": "puerco espin",
                    "frame": "puas0011",
                    "duration": 0,
                    "keyframe": false
                },
                {
                    "key": "puerco espin",
                    "frame": "puas0012",
                    "duration": 0,
                    "keyframe": false
                },
                {
                    "key": "puerco espin",
                    "frame": "puas0013",
                    "duration": 0,
                    "keyframe": false
                },
                {
                    "key": "puerco espin",
                    "frame": "puas0014",
                    "duration": 0,
                    "keyframe": false
                },
                {
                    "key": "puerco espin",
                    "frame": "puas0015",
                    "duration": 0,
                    "keyframe": false
                },
                {
                    "key": "puerco espin",
                    "frame": "puas0016",
                    "duration": 0,
                    "keyframe": false
                },
                {
                    "key": "puerco espin",
                    "frame": "puas0017",
                    "duration": 0,
                    "keyframe": false
                },
                {
                    "key": "puerco espin",
                    "frame": "puas0018",
                    "duration": 0,
                    "keyframe": false
                },
                {
                    "key": "puerco espin",
                    "frame": "puas0019",
                    "duration": 0,
                    "keyframe": false
                }
            ],
            "frameRate": 24,
            "skipMissedFrames": true,
            "repeat": 1
        }
    ],
    "globalTimeScale": 1,
    "meta": {
        "app": "Phaser Editor 2D v3",
        "contentType": "Phaser v3 Animations"
    }
}