{
    "anims": [
        {
            "key": "sampo/walk",
            "type": "frame",
            "frames": [
                {
                    "key": "sampoShooter",
                    "frame": "sampo_walking0000",
                    "duration": 0,
                    "keyframe": false
                },
                {
                    "key": "sampoShooter",
                    "frame": "sampo_walking0001",
                    "duration": 0,
                    "keyframe": false
                }
            ],
            "frameRate": 12,
            "skipMissedFrames": true,
            "repeat": -1
        },
        {
            "key": "sampo/blink",
            "type": "frame",
            "frames": [
                {
                    "key": "sampoShooter",
                    "frame": "sampo_blink0000",
                    "duration": 0,
                    "keyframe": false
                },
                {
                    "key": "sampoShooter",
                    "frame": "sampo_blink0001",
                    "duration": 0,
                    "keyframe": false
                }
            ],
            "frameRate": 12,
            "skipMissedFrames": true,
            "yoyo": true
        },
        {
            "key": "sampo/prepareShoot",
            "type": "frame",
            "frames": [
                {
                    "key": "sampoShooter",
                    "frame": "sampo_open0000",
                    "duration": 0,
                    "keyframe": false
                },
                {
                    "key": "sampoShooter",
                    "frame": "sampo_open0001",
                    "duration": 0,
                    "keyframe": false
                }
            ],
            "frameRate": 6,
            "skipMissedFrames": true
        },
        {
            "key": "sampo/walkOpened",
            "type": "frame",
            "frames": [
                {
                    "key": "sampoShooter",
                    "frame": "sampo_walkOpen0000",
                    "duration": 0,
                    "keyframe": false
                },
                {
                    "key": "sampoShooter",
                    "frame": "sampo_walkOpen0001",
                    "duration": 0,
                    "keyframe": false
                }
            ],
            "frameRate": 12,
            "skipMissedFrames": true,
            "repeat": -1
        },
        {
            "key": "explode",
            "type": "frame",
            "frames": [
                {
                    "key": "sampoShooter",
                    "frame": "explode instance 10000",
                    "duration": 0,
                    "keyframe": false
                },
                {
                    "key": "sampoShooter",
                    "frame": "explode instance 10001",
                    "duration": 0,
                    "keyframe": false
                },
                {
                    "key": "sampoShooter",
                    "frame": "explode instance 10002",
                    "duration": 0,
                    "keyframe": false
                },
                {
                    "key": "sampoShooter",
                    "frame": "explode instance 10003",
                    "duration": 0,
                    "keyframe": false
                }
            ],
            "frameRate": 12,
            "skipMissedFrames": true,
            "hideOnComplete": true
        },
        {
            "key": "sampo/newWalk",
            "type": "frame",
            "frames": [
                {
                    "key": "sampoShooter",
                    "frame": "newSampo  instance 10000",
                    "duration": 0,
                    "keyframe": false
                },
                {
                    "key": "sampoShooter",
                    "frame": "newSampo  instance 10001",
                    "duration": 0,
                    "keyframe": false
                }
            ],
            "frameRate": 12,
            "skipMissedFrames": true,
            "repeat": -1
        }
    ],
    "globalTimeScale": 1,
    "meta": {
        "app": "Phaser Editor 2D v3",
        "contentType": "Phaser v3 Animations"
    }
}